Workbook

Sheet Sheet1
A1: Id | B1: Chapter | C1: Type | D1: Gold | E1: Diamond | F1: Reward | G1: Name_notes | H1: Range
A2: int | B2: int | C2: int | D2: String | E2: String | F2: int | G2: String | H2: String
A3: 序ID | B3: 章节ID | C3: 事件类型 | D3: 金币奖励 | E3: 钻石奖励 | F3: 奖励道具 | G3: 事件名称 | H3: 随机区间
A4: 10001 | B4: 1 | C4: 1 | D4: =VLOOKUP(B4:B33,[1]金币产出!$K$38:$L$67,2,FALSE)*3 -> 1563 | E4: 35 | F4: 3001 | G4: 深埋宝藏 | H4: 9500,10000
A5: 10002 | B5: 2 | C5: 1 | D5: =VLOOKUP(B5:B34,[1]金币产出!$K$38:$L$67,2,FALSE)*3 -> 1563 | E5: 35 | F5: 3002 | G5: 深埋宝藏 | H5: 9500,10000
A6: 10003 | B6: 3 | C6: 1 | D6: =VLOOKUP(B6:B35,[1]金币产出!$K$38:$L$67,2,FALSE)*3 -> 2343 | E6: 35 | F6: 3003 | G6: 深埋宝藏 | H6: 9500,10000
A7: 10004 | B7: 4 | C7: 1 | D7: =VLOOKUP(B7:B36,[1]金币产出!$K$38:$L$67,2,FALSE)*3 -> 2343 | E7: 35 | F7: 3004 | G7: 深埋宝藏 | H7: 9500,10000
A8: 10005 | B8: 5 | C8: 1 | D8: =VLOOKUP(B8:B37,[1]金币产出!$K$38:$L$67,2,FALSE)*3 -> 3126 | E8: 35 | F8: 3005 | G8: 深埋宝藏 | H8: 9500,10000
A9: 10006 | B9: 6 | C9: 1 | D9: =VLOOKUP(B9:B38,[1]金币产出!$K$38:$L$67,2,FALSE)*3 -> 3126 | E9: 35 | F9: 3006 | G9: 深埋宝藏 | H9: 9500,10000
A10: 10007 | B10: 7 | C10: 1 | D10: =VLOOKUP(B10:B39,[1]金币产出!$K$38:$L$67,2,FALSE)*3 -> 3906 | E10: 35 | F10: 3007 | G10: 深埋宝藏 | H10: 9500,10000
A11: 10008 | B11: 8 | C11: 1 | D11: =VLOOKUP(B11:B40,[1]金币产出!$K$38:$L$67,2,FALSE)*3 -> 3906 | E11: 35 | F11: 3008 | G11: 深埋宝藏 | H11: 9500,10000
A12: 10009 | B12: 9 | C12: 1 | D12: =VLOOKUP(B12:B41,[1]金币产出!$K$38:$L$67,2,FALSE)*3 -> 4689 | E12: 35 | F12: 3009 | G12: 深埋宝藏 | H12: 9500,10000
A13: 10010 | B13: 10 | C13: 1 | D13: =VLOOKUP(B13:B42,[1]金币产出!$K$38:$L$67,2,FALSE)*3 -> 4689 | E13: 35 | F13: 3010 | G13: 深埋宝藏 | H13: 9500,10000
A14: 10011 | B14: 11 | C14: 1 | D14: =VLOOKUP(B14:B43,[1]金币产出!$K$38:$L$67,2,FALSE)*3 -> 5484 | E14: 35 | F14: 3011 | G14: 深埋宝藏 | H14: 9500,10000
A15: 10012 | B15: 12 | C15: 1 | D15: =VLOOKUP(B15:B44,[1]金币产出!$K$38:$L$67,2,FALSE)*3 -> 5484 | E15: 35 | F15: 3012 | G15: 深埋宝藏 | H15: 9500,10000
... A19: 10016 | B19: 16 | C19: 1 | D19: =VLOOKUP(B19:B48,[1]金币产出!$K$38:$L$67,2,FALSE)*3 -> 6273 | E19: 35 | F19: 3016 | G19: 深埋宝藏 | H19: 9500,10000
A20: 10017 | B20: 17 | C20: 1 | D20: =VLOOKUP(B20:B49,[1]金币产出!$K$38:$L$67,2,FALSE)*3 -> 7059 | E20: 35 | F20: =F19 -> 3016 | G20: 深埋宝藏 | H20: 9500,10000
A21: 10018 | B21: 18 | C21: 1 | D21: =VLOOKUP(B21:B50,[1]金币产出!$K$38:$L$67,2,FALSE)*3 -> 7059 | E21: 35 | F21: =F20 -> 3016 | G21: 深埋宝藏 | H21: 9500,10000
A22: 10019 | B22: 19 | C22: 1 | D22: =VLOOKUP(B22:B51,[1]金币产出!$K$38:$L$67,2,FALSE)*3 -> 7059 | E22: 35 | F22: =F21 -> 3016 | G22: 深埋宝藏 | H22: 9500,10000
A23: 10020 | B23: 20 | C23: 1 | D23: =VLOOKUP(B23:B52,[1]金币产出!$K$38:$L$67,2,FALSE)*3 -> 7857 | E23: 35 | F23: =F22 -> 3016 | G23: 深埋宝藏 | H23: 9500,10000
A24: 10021 | B24: 21 | C24: 1 | D24: =VLOOKUP(B24:B53,[1]金币产出!$K$38:$L$67,2,FALSE)*3 -> 7857 | E24: 35 | F24: =F23 -> 3016 | G24: 深埋宝藏 | H24: 9500,10000
A25: 10022 | B25: 22 | C25: 1 | D25: =VLOOKUP(B25:B54,[1]金币产出!$K$38:$L$67,2,FALSE)*3 -> 7857 | E25: 35 | F25: =F24 -> 3016 | G25: 深埋宝藏 | H25: 9500,10000
A26: 10023 | B26: 23 | C26: 1 | D26: =VLOOKUP(B26:B55,[1]金币产出!$K$38:$L$67,2,FALSE)*3 -> 8667 | E26: 35 | F26: =F25 -> 3016 | G26: 深埋宝藏 | H26: 9500,10000
A27: 10024 | B27: 24 | C27: 1 | D27: =VLOOKUP(B27:B56,[1]金币产出!$K$38:$L$67,2,FALSE)*3 -> 8667 | E27: 35 | F27: =F26 -> 3016 | G27: 深埋宝藏 | H27: 9500,10000
A28: 10025 | B28: 25 | C28: 1 | D28: =VLOOKUP(B28:B57,[1]金币产出!$K$38:$L$67,2,FALSE)*3 -> 8667 | E28: 35 | F28: =F27 -> 3016 | G28: 深埋宝藏 | H28: 9500,10000
A29: 10026 | B29: 26 | C29: 1 | D29: =VLOOKUP(B29:B58,[1]金币产出!$K$38:$L$67,2,FALSE)*3 -> 9456 | E29: 35 | F29: =F28 -> 3016 | G29: 深埋宝藏 | H29: 9500,10000
A30: 10027 | B30: 27 | C30: 1 | D30: =VLOOKUP(B30:B59,[1]金币产出!$K$38:$L$67,2,FALSE)*3 -> 9456 | E30: 35 | F30: =F29 -> 3016 | G30: 深埋宝藏 | H30: 9500,10000
A31: 10028 | B31: 28 | C31: 1 | D31: =VLOOKUP(B31:B60,[1]金币产出!$K$38:$L$67,2,FALSE)*3 -> 9456 | E31: 35 | F31: =F30 -> 3016 | G31: 深埋宝藏 | H31: 9500,10000
... A33: 10030 | B33: 30 | C33: 1 | D33: =VLOOKUP(B33:B62,[1]金币产出!$K$38:$L$67,2,FALSE)*3 -> 10245 | E33: 35 | F33: =F32 -> 3016 | G33: 深埋宝藏 | H33: 9500,10000
A34: 40001 | B34: =B4 -> 1 | C34: =C4+3 -> 4 | D34: =D4 -> 1563 | E34: 55 | F34: 4001 | G34: 搜寻宠物 | H34: 9500,10000
A35: 40002 | B35: =B5 -> 2 | C35: =C5+3 -> 4 | D35: =D5 -> 1563 | E35: 55 | F35: 4002 | G35: 搜寻宠物 | H35: 9500,10000
A36: 40003 | B36: =B6 -> 3 | C36: =C6+3 -> 4 | D36: =D6 -> 2343 | E36: 55 | F36: 4003 | G36: 搜寻宠物 | H36: 9500,10000
A37: 40004 | B37: =B7 -> 4 | C37: =C7+3 -> 4 | D37: =D7 -> 2343 | E37: 55 | F37: 4004 | G37: 搜寻宠物 | H37: 9500,10000
A38: 40005 | B38: =B8 -> 5 | C38: =C8+3 -> 4 | D38: =D8 -> 3126 | E38: 55 | F38: 4005 | G38: 搜寻宠物 | H38: 9500,10000
A39: 40006 | B39: =B9 -> 6 | C39: =C9+3 -> 4 | D39: =D9 -> 3126 | E39: 55 | F39: 4006 | G39: 搜寻宠物 | H39: 9500,10000
A40: 40007 | B40: =B10 -> 7 | C40: =C10+3 -> 4 | D40: =D10 -> 3906 | E40: 55 | F40: 4007 | G40: 搜寻宠物 | H40: 9500,10000
A41: 40008 | B41: =B11 -> 8 | C41: =C11+3 -> 4 | D41: =D11 -> 3906 | E41: 55 | F41: 4008 | G41: 搜寻宠物 | H41: 9500,10000
A42: 40009 | B42: =B12 -> 9 | C42: =C12+3 -> 4 | D42: =D12 -> 4689 | E42: 55 | F42: 4009 | G42: 搜寻宠物 | H42: 9500,10000
A43: 40010 | B43: =B13 -> 10 | C43: =C13+3 -> 4 | D43: =D13 -> 4689 | E43: 55 | F43: 4010 | G43: 搜寻宠物 | H43: 9500,10000
A44: 40011 | B44: =B14 -> 11 | C44: =C14+3 -> 4 | D44: =D14 -> 5484 | E44: 55 | F44: 4011 | G44: 搜寻宠物 | H44: 9500,10000
A45: 40012 | B45: =B15 -> 12 | C45: =C15+3 -> 4 | D45: =D15 -> 5484 | E45: 55 | F45: 4012 | G45: 搜寻宠物 | H45: 9500,10000
... A49: 40016 | B49: =B19 -> 16 | C49: =C19+3 -> 4 | D49: =D19 -> 6273 | E49: 55 | F49: 4016 | G49: 搜寻宠物 | H49: 9500,10000
A50: 40017 | B50: =B20 -> 17 | C50: =C20+3 -> 4 | D50: =D20 -> 7059 | E50: 55 | F50: =F49 -> 4016 | G50: 搜寻宠物 | H50: 9500,10000
A51: 40018 | B51: =B21 -> 18 | C51: =C21+3 -> 4 | D51: =D21 -> 7059 | E51: 55 | F51: =F50 -> 4016 | G51: 搜寻宠物 | H51: 9500,10000
A52: 40019 | B52: =B22 -> 19 | C52: =C22+3 -> 4 | D52: =D22 -> 7059 | E52: 55 | F52: =F51 -> 4016 | G52: 搜寻宠物 | H52: 9500,10000
A53: 40020 | B53: =B23 -> 20 | C53: =C23+3 -> 4 | D53: =D23 -> 7857 | E53: 55 | F53: =F52 -> 4016 | G53: 搜寻宠物 | H53: 9500,10000
A54: 40021 | B54: =B24 -> 21 | C54: =C24+3 -> 4 | D54: =D24 -> 7857 | E54: 55 | F54: =F53 -> 4016 | G54: 搜寻宠物 | H54: 9500,10000
A55: 40022 | B55: =B25 -> 22 | C55: =C25+3 -> 4 | D55: =D25 -> 7857 | E55: 55 | F55: =F54 -> 4016 | G55: 搜寻宠物 | H55: 9500,10000
A56: 40023 | B56: =B26 -> 23 | C56: =C26+3 -> 4 | D56: =D26 -> 8667 | E56: 55 | F56: =F55 -> 4016 | G56: 搜寻宠物 | H56: 9500,10000
A57: 40024 | B57: =B27 -> 24 | C57: =C27+3 -> 4 | D57: =D27 -> 8667 | E57: 55 | F57: =F56 -> 4016 | G57: 搜寻宠物 | H57: 9500,10000
A58: 40025 | B58: =B28 -> 25 | C58: =C28+3 -> 4 | D58: =D28 -> 8667 | E58: 55 | F58: =F57 -> 4016 | G58: 搜寻宠物 | H58: 9500,10000
A59: 40026 | B59: =B29 -> 26 | C59: =C29+3 -> 4 | D59: =D29 -> 9456 | E59: 55 | F59: =F58 -> 4016 | G59: 搜寻宠物 | H59: 9500,10000
A60: 40027 | B60: =B30 -> 27 | C60: =C30+3 -> 4 | D60: =D30 -> 9456 | E60: 55 | F60: =F59 -> 4016 | G60: 搜寻宠物 | H60: 9500,10000
A61: 40028 | B61: =B31 -> 28 | C61: =C31+3 -> 4 | D61: =D31 -> 9456 | E61: 55 | F61: =F60 -> 4016 | G61: 搜寻宠物 | H61: 9500,10000
... A63: 40030 | B63: =B33 -> 30 | C63: =C33+3 -> 4 | D63: =D33 -> 10245 | E63: 55 | F63: =F62 -> 4016 | G63: 搜寻宠物 | H63: 9500,10000
A64: 50001 | B64: =B34 -> 1 | C64: 9 | D64: =D34/3 -> 521 | E64: 48 | F64: 5001 | G64: 垂钓事件 | H64: 9500,10000
A65: 50002 | B65: =B35 -> 2 | C65: 9 | D65: =D35/3 -> 521 | E65: 48 | F65: 5002 | G65: 垂钓事件 | H65: 9500,10000
A66: 50003 | B66: =B36 -> 3 | C66: 9 | D66: =D36/3 -> 781 | E66: 48 | F66: 5003 | G66: 垂钓事件 | H66: 9500,10000
A67: 50004 | B67: =B37 -> 4 | C67: 9 | D67: =D37/3 -> 781 | E67: 48 | F67: 5004 | G67: 垂钓事件 | H67: 9500,10000
A68: 50005 | B68: =B38 -> 5 | C68: 9 | D68: =D38/3 -> 1042 | E68: 48 | F68: 5005 | G68: 垂钓事件 | H68: 9500,10000
A69: 50006 | B69: =B39 -> 6 | C69: 9 | D69: =D39/3 -> 1042 | E69: 48 | F69: 5006 | G69: 垂钓事件 | H69: 9500,10000
A70: 50007 | B70: =B40 -> 7 | C70: 9 | D70: =D40/3 -> 1302 | E70: 48 | F70: 5007 | G70: 垂钓事件 | H70: 9500,10000
A71: 50008 | B71: =B41 -> 8 | C71: 9 | D71: =D41/3 -> 1302 | E71: 48 | F71: 5008 | G71: 垂钓事件 | H71: 9500,10000
A72: 50009 | B72: =B42 -> 9 | C72: 9 | D72: =D42/3 -> 1563 | E72: 48 | F72: =F71 -> 5008 | G72: 垂钓事件 | H72: 9500,10000
A73: 50010 | B73: =B43 -> 10 | C73: 9 | D73: =D43/3 -> 1563 | E73: 48 | F73: =F72 -> 5008 | G73: 垂钓事件 | H73: 9500,10000
A74: 50011 | B74: =B44 -> 11 | C74: 9 | D74: =D44/3 -> 1828 | E74: 48 | F74: =F73 -> 5008 | G74: 垂钓事件 | H74: 9500,10000
A75: 50012 | B75: =B45 -> 12 | C75: 9 | D75: =D45/3 -> 1828 | E75: 48 | F75: =F74 -> 5008 | G75: 垂钓事件 | H75: 9500,10000
A76: 50013 | B76: =B46 -> 13 | C76: 9 | D76: =D46/3 -> 1828 | E76: 48 | F76: =F75 -> 5008 | G76: 垂钓事件 | H76: 9500,10000
A77: 50014 | B77: =B47 -> 14 | C77: 9 | D77: =D47/3 -> 2091 | E77: 48 | F77: =F76 -> 5008 | G77: 垂钓事件 | H77: 9500,10000
A78: 50015 | B78: =B48 -> 15 | C78: 9 | D78: =D48/3 -> 2091 | E78: 48 | F78: =F77 -> 5008 | G78: 垂钓事件 | H78: 9500,10000
A79: 50016 | B79: =B49 -> 16 | C79: 9 | D79: =D49/3 -> 2091 | E79: 48 | F79: =F78 -> 5008 | G79: 垂钓事件 | H79: 9500,10000
A80: 50017 | B80: =B50 -> 17 | C80: 9 | D80: =D50/3 -> 2353 | E80: 48 | F80: =F79 -> 5008 | G80: 垂钓事件 | H80: 9500,10000
A81: 50018 | B81: =B51 -> 18 | C81: 9 | D81: =D51/3 -> 2353 | E81: 48 | F81: =F80 -> 5008 | G81: 垂钓事件 | H81: 9500,10000
A82: 50019 | B82: =B52 -> 19 | C82: 9 | D82: =D52/3 -> 2353 | E82: 48 | F82: =F81 -> 5008 | G82: 垂钓事件 | H82: 9500,10000
A83: 50020 | B83: =B53 -> 20 | C83: 9 | D83: =D53/3 -> 2619 | E83: 48 | F83: =F82 -> 5008 | G83: 垂钓事件 | H83: 9500,10000
... A93: 50030 | B93: =B63 -> 30 | C93: 9 | D93: =D63/3 -> 3415 | E93: 48 | F93: =F92 -> 5008 | G93: 垂钓事件 | H93: 9500,10000
A94: 60001 | B94: =B34 -> 1 | C94: =C34+2 -> 6 | D94: 0 | E94: 22 | F94: 0 | G94: 钻石矿 | H94: 9500,10000
A95: 60002 | B95: =B35 -> 2 | C95: =C35+2 -> 6 | D95: 1 | E95: 22 | F95: 0 | G95: 钻石矿 | H95: 9500,10000
A96: 60003 | B96: =B36 -> 3 | C96: =C36+2 -> 6 | D96: 2 | E96: 22 | F96: 0 | G96: 钻石矿 | H96: 9500,10000
A97: 60004 | B97: =B37 -> 4 | C97: =C37+2 -> 6 | D97: 3 | E97: 22 | F97: 0 | G97: 钻石矿 | H97: 9500,10000
A98: 60005 | B98: =B38 -> 5 | C98: =C38+2 -> 6 | D98: 4 | E98: 22 | F98: 0 | G98: 钻石矿 | H98: 9500,10000
A99: 60006 | B99: =B39 -> 6 | C99: =C39+2 -> 6 | D99: 5 | E99: 22 | F99: 0 | G99: 钻石矿 | H99: 9500,10000
A100: 60007 | B100: =B40 -> 7 | C100: =C40+2 -> 6 | D100: 6 | E100: 22 | F100: 0 | G100: 钻石矿 | H100: 9500,10000
A101: 60008 | B101: =B41 -> 8 | C101: =C41+2 -> 6 | D101: 7 | E101: 22 | F101: 0 | G101: 钻石矿 | H101: 9500,10000
A102: 60009 | B102: =B42 -> 9 | C102: =C42+2 -> 6 | D102: 8 | E102: 22 | F102: 0 | G102: 钻石矿 | H102: 9500,10000
A103: 60010 | B103: =B43 -> 10 | C103: =C43+2 -> 6 | D103: 9 | E103: 22 | F103: 0 | G103: 钻石矿 | H103: 9500,10000
A104: 60011 | B104: =B44 -> 11 | C104: =C44+2 -> 6 | D104: 10 | E104: 22 | F104: 0 | G104: 钻石矿 | H104: 9500,10000
A105: 60012 | B105: =B45 -> 12 | C105: =C45+2 -> 6 | D105: 11 | E105: 22 | F105: 0 | G105: 钻石矿 | H105: 9500,10000
... A123: 60030 | B123: =B63 -> 30 | C123: =C63+2 -> 6 | D123: 29 | E123: 22 | F123: 0 | G123: 钻石矿 | H123: 9500,10000
A124: 70001 | B124: 1 | C124: 7 | D124: =VLOOKUP($B$124:$B$153,[1]金币产出!$K$38:$L$67,2,FALSE) -> 521 | E124: 0 | F124: 0 | G124: 天女散花事件 | H124: 9500,10000
A125: 70002 | B125: 2 | C125: 7 | D125: =VLOOKUP($B$124:$B$153,[1]金币产出!$K$38:$L$67,2,FALSE) -> 521 | E125: 0 | F125: 0 | G125: 天女散花事件 | H125: 9500,10000
A126: 70003 | B126: 3 | C126: 7 | D126: =VLOOKUP($B$124:$B$153,[1]金币产出!$K$38:$L$67,2,FALSE) -> 781 | E126: 0 | F126: 0 | G126: 天女散花事件 | H126: 9500,10000
A127: 70004 | B127: 4 | C127: 7 | D127: =VLOOKUP($B$124:$B$153,[1]金币产出!$K$38:$L$67,2,FALSE) -> 781 | E127: 0 | F127: 0 | G127: 天女散花事件 | H127: 9500,10000
A128: 70005 | B128: 5 | C128: 7 | D128: =VLOOKUP($B$124:$B$153,[1]金币产出!$K$38:$L$67,2,FALSE) -> 1042 | E128: 0 | F128: 0 | G128: 天女散花事件 | H128: 9500,10000
A129: 70006 | B129: 6 | C129: 7 | D129: =VLOOKUP($B$124:$B$153,[1]金币产出!$K$38:$L$67,2,FALSE) -> 1042 | E129: 0 | F129: 0 | G129: 天女散花事件 | H129: 9500,10000
A130: 70007 | B130: 7 | C130: 7 | D130: =VLOOKUP($B$124:$B$153,[1]金币产出!$K$38:$L$67,2,FALSE) -> 1302 | E130: 0 | F130: 0 | G130: 天女散花事件 | H130: 9500,10000
A131: 70008 | B131: 8 | C131: 7 | D131: =VLOOKUP($B$124:$B$153,[1]金币产出!$K$38:$L$67,2,FALSE) -> 1302 | E131: 0 | F131: 0 | G131: 天女散花事件 | H131: 9500,10000
A132: 70009 | B132: 9 | C132: 7 | D132: =VLOOKUP($B$124:$B$153,[1]金币产出!$K$38:$L$67,2,FALSE) -> 1563 | E132: 0 | F132: 0 | G132: 天女散花事件 | H132: 9500,10000
A133: 70010 | B133: 10 | C133: 7 | D133: =VLOOKUP($B$124:$B$153,[1]金币产出!$K$38:$L$67,2,FALSE) -> 1563 | E133: 0 | F133: 0 | G133: 天女散花事件 | H133: 9500,10000
A134: 70011 | B134: 11 | C134: 7 | D134: =VLOOKUP($B$124:$B$153,[1]金币产出!$K$38:$L$67,2,FALSE) -> 1828 | E134: 0 | F134: 0 | G134: 天女散花事件 | H134: 9500,10000
...

Sheet Sheet2

Sheet Sheet3
