Workbook

Sheet Sheet1
A1: Id | B1: Quality | C1: ExplorationTasksGroup | D1: TaskPro | E1: Time | F1: Model | G1: Desc | H1: ReqOccupation | I1: OccupationPro | J1: Power | K1: PowerPro | L1: PhysicalExertion | M1: reward
A2: int | B2: Int | C2: Int | D2: Int | E2: Int | F2: string | G2: String | H2: arrayint | I2: arrayint | J2: Int | K2: Int | L2: Int | M2: String
A3: 探索任务ID | B3: 探索任务品质 | C3: 探索任务组 | D3: 刷新出任务概率 | E3: 任务派遣时间 | F3: 发放任务NPC模型 | G3: 任务内容 | H3: 任务要求属性宠物 | I3: 对应属性达成概率 | J3: 任务要求战力 | K3: 对应战力完成概率 | L3: 派遣消耗体力 | M3: 任务奖励
A4: 1 | B4: 1 | C4: 1 | D4: 10000 | E4: 30 | F4: Pet_10270 | G4: 冰川之旅：在冰川中寻找传说中的冰系啪嘟，与它们一起面对极寒的挑战。 | H4: 2|2 | I4: 4000|4000 | J4: 10000 | K4: 2000 | L4: 5 | M4: 2000,200000|10010010,5
A5: 2 | B5: 1 | C5: 1 | D5: 10000 | E5: 30 | F5: Pet_10500 | G5: 冰封洞窟：在冰封洞窟中寻找失落的宝藏，与冰系啪嘟一起面对寒冷的挑战。 | H5: 4|6 | I5: 4000|4000 | J5: 10000 | K5: 2000 | L5: 5 | M5: 2000,200000|10010010,5
A6: 3 | B6: 1 | C6: 1 | D6: 10000 | E6: 30 | F6: Pet_10120 | G6: 冰雪盛宴：在冰雪王国中参加盛大的宴会，与冰系啪嘟分享温暖的时光。 | H6: 5|3 | I6: 4000|4000 | J6: 10000 | K6: 2000 | L6: 5 | M6: 2000,200000|10010010,5
A7: 4 | B7: 2 | C7: 1 | D7: 8000 | E7: 60 | F7: Pet_10530 | G7: 冰雪探险：在冰雪覆盖的山脉中寻找遗失的宝藏，与冰系啪嘟一同面对极寒的挑战。 | H7: 4|2 | I7: 4000|4000 | J7: 20000 | K7: 2000 | L7: 5 | M7: 2000,300000|10010110,5
A8: 5 | B8: 2 | C8: 1 | D8: 8000 | E8: 60 | F8: Pet_10140 | G8: 传说中的剑：寻找传说中的神剑，与剑灵交流，揭示隐藏的英雄传说。 | H8: 6|1 | I8: 4000|4000 | J8: 20000 | K8: 2000 | L8: 5 | M8: 2000,300000|10010110,5
A9: 6 | B9: 2 | C9: 1 | D9: 8000 | E9: 60 | F9: Pet_10120 | G9: 丛林守护：保护丛林中的生物不受侵扰，与丛林系啪嘟共同维护生态平衡。 | H9: 5|1 | I9: 4000|4000 | J9: 20000 | K9: 2000 | L9: 5 | M9: 2000,300000|10010110,5
A10: 7 | B10: 3 | C10: 1 | D10: 6000 | E10: 90 | F10: Pet_10070 | G10: 丛林探险：穿越密林，发现隐藏在树冠中的秘密，解开丛林中的谜题。 | H10: 4|1 | I10: 4000|4000 | J10: 40000 | K10: 2000 | L10: 5 | M10: 2000,500000|10010030,5
A11: 8 | B11: 3 | C11: 1 | D11: 6000 | E11: 90 | F11: Pet_10590 | G11: 丛林探险：在丛林中寻找传说中的宝藏，与丛林系啪嘟一起揭开隐藏的谜题。 | H11: 4|5 | I11: 4000|4000 | J11: 40000 | K11: 2000 | L11: 5 | M11: 2000,500000|10010030,5
A12: 9 | B12: 3 | C12: 1 | D12: 6000 | E12: 90 | F12: Pet_10130 | G12: 地下城探险：进入神秘的地下城，寻找失落的宝藏，与地下生物对抗。 | H12: 2|1 | I12: 4000|4000 | J12: 40000 | K12: 2000 | L12: 5 | M12: 2000,500000|10010030,5
A13: 10 | B13: 4 | C13: 1 | D13: 4500 | E13: 120 | F13: Pet_10101 | G13: 地下迷宫：进入复杂的地下迷宫，解开隐藏的机关和谜题，找到通往宝藏的道路。 | H13: 2|6|4 | I13: 3000|3000|2000 | J13: 80000 | K13: 2000 | L13: 5 | M13: 2000,1000000|10010020,5|10010120,5
A14: 11 | B14: 4 | C14: 1 | D14: 4500 | E14: 120 | F14: Pet_10521 | G14: 风之岛探险：在风之岛中寻找隐藏的宝藏，与风系啪嘟一起面对风力的挑战。 | H14: 4|1|6 | I14: 3000|3000|2000 | J14: 80000 | K14: 2000 | L14: 5 | M14: 2000,1000000|10010020,5|10010120,5
A15: 12 | B15: 4 | C15: 1 | D15: 4500 | E15: 120 | F15: Pet_10501 | G15: 风之谷探索：在风之谷中探索，利用风力机制解决难题，与风系啪嘟共同冒险。 | H15: 2|4|6 | I15: 3000|3000|2000 | J15: 80000 | K15: 2000 | L15: 5 | M15: 2000,1000000|10010020,5|10010120,5
... A186: 183 | B186: 7 | C186: 10 | D186: 1400 | E186: 480 | F186: Pet_10581 | G186: 幽灵列车：搭乘神秘的幽灵列车，解开列车上的谜团，与灵异生物共存。 | H186: 6|4|2 | I186: 3000|3000|2000 | J186: 400000 | K186: 2000 | L186: 5 | M186: 2000,10000000|10020330,1

Sheet Sheet2
A1: 编号 | B1: 尾号 | C1: 名称 | D1: 模型 | K1: 冰川之旅：在冰川中寻找传说中的冰系啪嘟，与它们一起面对极寒的挑战。
A2: 1 | B2: =RIGHT(D2,1) -> 0 | C2: 幻影猫 | D2: Pet_10060 | K2: 冰封洞窟：在冰封洞窟中寻找失落的宝藏，与冰系啪嘟一起面对寒冷的挑战。
A3: 2 | B3: =RIGHT(D3,1) -> 0 | C3: 行路草 | D3: Pet_10070 | K3: 冰雪盛宴：在冰雪王国中参加盛大的宴会，与冰系啪嘟分享温暖的时光。
A4: 3 | B4: =RIGHT(D4,1) -> 0 | C4: 冰角鹿 | D4: Pet_10090 | K4: 冰雪探险：在冰雪覆盖的山脉中寻找遗失的宝藏，与冰系啪嘟一同面对极寒的挑战。
A5: 4 | B5: =RIGHT(D5,1) -> 0 | C5: 下忍菇 | D5: Pet_10100 | K5: 传说中的剑：寻找传说中的神剑，与剑灵交流，揭示隐藏的英雄传说。
A6: 5 | B6: =RIGHT(D6,1) -> 0 | C6: 小树卫 | D6: Pet_10110 | K6: 丛林守护：保护丛林中的生物不受侵扰，与丛林系啪嘟共同维护生态平衡。
A7: 6 | B7: =RIGHT(D7,1) -> 0 | C7: 藤蔓球 | D7: Pet_10120 | K7: 丛林探险：穿越密林，发现隐藏在树冠中的秘密，解开丛林中的谜题。
A8: 7 | B8: =RIGHT(D8,1) -> 0 | C8: 小灯蜂 | D8: Pet_10130 | K8: 丛林探险：在丛林中寻找传说中的宝藏，与丛林系啪嘟一起揭开隐藏的谜题。
A9: 8 | B9: =RIGHT(D9,1) -> 0 | C9: 炽焰幼虎 | D9: Pet_10140 | K9: 地下城探险：进入神秘的地下城，寻找失落的宝藏，与地下生物对抗。
A10: 9 | B10: =RIGHT(D10,1) -> 0 | C10: 惊吓魔盒 | D10: Pet_10150 | K10: 地下迷宫：进入复杂的地下迷宫，解开隐藏的机关和谜题，找到通往宝藏的道路。
A11: 10 | B11: =RIGHT(D11,1) -> 0 | C11: 尖叫鸡 | D11: Pet_10160 | K11: 风之岛探险：在风之岛中寻找隐藏的宝藏，与风系啪嘟一起面对风力的挑战。
A12: 11 | B12: =RIGHT(D12,1) -> 0 | C12: 鼹鼠幼崽 | D12: Pet_10170 | K12: 风之谷探索：在风之谷中探索，利用风力机制解决难题，与风系啪嘟共同冒险。
A13: 12 | B13: =RIGHT(D13,1) -> 0 | C13: 受伤小软 | D13: Pet_10180 | K13: 风之谷探险：在风之谷中探索，利用风力机制解决难题，与风系啪嘟共同冒险。
... A95: 214 | B95: =RIGHT(D95,1) -> 2 | C95: 船长海盗鲨 | D95: Pet_10622 | K95: 勇者试炼：参加古老的勇者试炼，挑战各种考验，证明自己的勇气与智慧。
K96: 幽暗森林：在幽暗森林中寻找传说中的光明精灵，解除森林中的诅咒。
K97: 幽灵船探险：登上神秘的幽灵船，解开船上的谜团，与灵异生物共存。
K98: 幽灵岛探险：探索神秘幽灵岛，与岛上的幽灵和平共处，寻找隐藏的宝藏。
K99: 幽灵列车：搭乘神秘的幽灵列车，解开列车上的谜团，与灵异生物共存。
K100: 植物园奇遇：在巨大的植物园中探险，与各种植物系啪嘟互动，发现植物的秘密。

Sheet Sheet3
A1: Id | B1: Quality | C1: ExplorationTasksGroup | D1: TaskPro | E1: Time | F1: Model | G1: Desc | H1: ReqOccupation | I1: OccupationPro | J1: Power | K1: PowerPro | L1: PhysicalExertion | M1: reward
A2: int | B2: Int | C2: Int | D2: Int | E2: Int | F2: Int | G2: String | H2: String | I2: String | J2: Int | K2: Int | L2: Int | M2: String
A3: 探索任务ID | B3: 探索任务品质 | C3: 探索任务组 | D3: 刷新出任务概率 | E3: 任务派遣时间 | F3: 发放任务NPC模型 | G3: 任务内容 | H3: 任务要求属性宠物 | I3: 对应属性达成概率 | J3: 任务要求战力 | K3: 对应战力完成概率 | L3: 派遣消耗体力 | M3: 任务奖励
A4: 1 | B4: 1 | C4: 1 | D4: =IF(B4=1,10000,IF(B4=2,8000,IF(B4=3,6000,IF(B4=4,4500,IF(B4=5,3000,IF(B4=6,2000,IF(B4=7,1400,IF(B4=8,900,IF(B4=9,500,IF(B4=10,200,0)))))))))) -> 10000 | E4: =IF(B4=1,30,IF(B4=2,60,IF(B4=3,90,IF(B4=4,120,IF(B4=5,240,IF(B4=6,360,IF(B4=7,480,IF(B4=8,600,IF(B4=9,840,IF(B4=10,1080,0)))))))))) -> 30 | F4: =VLOOKUP(IF(B4=1,RANDBETWEEN(1,40),IF(B4=2,RANDBETWEEN(1,40),IF(B4=3,RANDBETWEEN(1,40),IF(B4=4,RANDBETWEEN(101,140),IF(B4=5,RANDBETWEEN(101,140),IF(B4=6,RANDBETWEEN(101,140),IF(B4=7,RANDBETWEEN(101,140),IF(B4=8,RANDBETWEEN(201,214),IF(B4=9,RANDBETWEEN(201,214),IF(B4=10,RANDBETWEEN(201,214),0)))))))))),Sheet2!$A$2:$D$95,4,FALSE) -> Pet_10100 | G4: 冰川之旅：在冰川中寻找传说中的冰系啪嘟，与它们一起面对极寒的挑战。 | H4: =IF(B4=1,RANDBETWEEN(1,6)&","&RANDBETWEEN(1,6),IF(B4=2,RANDBETWEEN(1,6)&","&RANDBETWEEN(1,6),IF(B4=3,RANDBETWEEN(1,6)&","&RANDBETWEEN(1,6),IF(B4=4,RANDBETWEEN(1,6)&","&RANDBETWEEN(1,6)&","&RANDBETWEEN(1,6),IF(B4=5,RANDBETWEEN(1,6)&","&RANDBETWEEN(1,6)&","&RANDBETWEEN(1,6),IF(B4=6,RANDBETWEEN(1,6)&","&RANDBETWEEN(1,6)&","&RANDBETWEEN(1,6),IF(B4=7,RANDBETWEEN(1,6)&","&RANDBETWEEN(1,6)&","&RANDBETWEEN(1,6),IF(B4=8,RANDBETWEEN(1,6)&","&RANDBETWEEN(1,6)&","&RANDBETWEEN(1,6),IF(B4=9,RANDBETWEEN(1,6)&","&RANDBETWEEN(1,6)&","&RANDBETWEEN(1,6),IF(B4=10,RANDBETWEEN(1,6)&","&RANDBETWEEN(1,6)&","&RANDBETWEEN(1,6),0)))))))))) -> 4,3 | I4: =IF(B4=1,4000&","&4000,IF(B4=2,4000&","&4000,IF(B4=3,4000&","&4000,IF(B4=4,3000&","&3000&","&2000,IF(B4=5,3000&","&3000&","&2000,IF(B4=6,3000&","&3000&","&2000,IF(B4=7,3000&","&3000&","&2000,IF(B4=8,3000&","&2000&","&2000,IF(B4=9,2000&","&2000&","&2000,IF(B4=10,2000&","&2000&","&1000,0)))))))))) -> 4000,4000 | J4: =IF(B4=1,10000,IF(B4=2,20000,IF(B4=3,40000,IF(B4=4,80000,IF(B4=5,120000,IF(B4=6,200000,IF(B4=7,400000,IF(B4=8,800000,IF(B4=9,1200000,IF(B4=10,1500000,0)))))))))) -> 10000 | K4: 2000 | L4: 5 | M4: =VLOOKUP(B4,$N$5:$O$14,2,2) -> 1000,200000|10010010,5
A5: 2 | B5: 1 | C5: 1 | D5: =IF(B5=1,10000,IF(B5=2,8000,IF(B5=3,6000,IF(B5=4,4500,IF(B5=5,3000,IF(B5=6,2000,IF(B5=7,1400,IF(B5=8,900,IF(B5=9,500,IF(B5=10,200,0)))))))))) -> 10000 | E5: =IF(B5=1,30,IF(B5=2,60,IF(B5=3,90,IF(B5=4,120,IF(B5=5,240,IF(B5=6,360,IF(B5=7,480,IF(B5=8,600,IF(B5=9,840,IF(B5=10,1080,0)))))))))) -> 30 | F5: =VLOOKUP(IF(B5=1,RANDBETWEEN(1,40),IF(B5=2,RANDBETWEEN(1,40),IF(B5=3,RANDBETWEEN(1,40),IF(B5=4,RANDBETWEEN(101,140),IF(B5=5,RANDBETWEEN(101,140),IF(B5=6,RANDBETWEEN(101,140),IF(B5=7,RANDBETWEEN(101,140),IF(B5=8,RANDBETWEEN(201,214),IF(B5=9,RANDBETWEEN(201,214),IF(B5=10,RANDBETWEEN(201,214),0)))))))))),Sheet2!$A$2:$D$95,4,FALSE) -> Pet_10090 | G5: 冰封洞窟：在冰封洞窟中寻找失落的宝藏，与冰系啪嘟一起面对寒冷的挑战。 | H5: =IF(B5=1,RANDBETWEEN(1,6)&","&RANDBETWEEN(1,6),IF(B5=2,RANDBETWEEN(1,6)&","&RANDBETWEEN(1,6),IF(B5=3,RANDBETWEEN(1,6)&","&RANDBETWEEN(1,6),IF(B5=4,RANDBETWEEN(1,6)&","&RANDBETWEEN(1,6)&","&RANDBETWEEN(1,6),IF(B5=5,RANDBETWEEN(1,6)&","&RANDBETWEEN(1,6)&","&RANDBETWEEN(1,6),IF(B5=6,RANDBETWEEN(1,6)&","&RANDBETWEEN(1,6)&","&RANDBETWEEN(1,6),IF(B5=7,RANDBETWEEN(1,6)&","&RANDBETWEEN(1,6)&","&RANDBETWEEN(1,6),IF(B5=8,RANDBETWEEN(1,6)&","&RANDBETWEEN(1,6)&","&RANDBETWEEN(1,6),IF(B5=9,RANDBETWEEN(1,6)&","&RANDBETWEEN(1,6)&","&RANDBETWEEN(1,6),IF(B5=10,RANDBETWEEN(1,6)&","&RANDBETWEEN(1,6)&","&RANDBETWEEN(1,6),0)))))))))) -> 6,4 | I5: =IF(B5=1,4000&","&4000,IF(B5=2,4000&","&4000,IF(B5=3,4000&","&4000,IF(B5=4,3000&","&3000&","&2000,IF(B5=5,3000&","&3000&","&2000,IF(B5=6,3000&","&3000&","&2000,IF(B5=7,3000&","&3000&","&2000,IF(B5=8,3000&","&2000&","&2000,IF(B5=9,2000&","&2000&","&2000,IF(B5=10,2000&","&2000&","&1000,0)))))))))) -> 4000,4000 | J5: =IF(B5=1,10000,IF(B5=2,20000,IF(B5=3,40000,IF(B5=4,80000,IF(B5=5,120000,IF(B5=6,200000,IF(B5=7,400000,IF(B5=8,800000,IF(B5=9,1200000,IF(B5=10,1500000,0)))))))))) -> 10000 | K5: 2000 | L5: 5 | M5: =VLOOKUP(B5,$N$5:$O$14,2,2) -> 1000,200000|10010010,5 | N5: 1 | O5: 1000,200000|10010010,5
A6: 3 | B6: 1 | C6: 1 | D6: =IF(B6=1,10000,IF(B6=2,8000,IF(B6=3,6000,IF(B6=4,4500,IF(B6=5,3000,IF(B6=6,2000,IF(B6=7,1400,IF(B6=8,900,IF(B6=9,500,IF(B6=10,200,0)))))))))) -> 10000 | E6: =IF(B6=1,30,IF(B6=2,60,IF(B6=3,90,IF(B6=4,120,IF(B6=5,240,IF(B6=6,360,IF(B6=7,480,IF(B6=8,600,IF(B6=9,840,IF(B6=10,1080,0)))))))))) -> 30 | F6: =VLOOKUP(IF(B6=1,RANDBETWEEN(1,40),IF(B6=2,RANDBETWEEN(1,40),IF(B6=3,RANDBETWEEN(1,40),IF(B6=4,RANDBETWEEN(101,140),IF(B6=5,RANDBETWEEN(101,140),IF(B6=6,RANDBETWEEN(101,140),IF(B6=7,RANDBETWEEN(101,140),IF(B6=8,RANDBETWEEN(201,214),IF(B6=9,RANDBETWEEN(201,214),IF(B6=10,RANDBETWEEN(201,214),0)))))))))),Sheet2!$A$2:$D$95,4,FALSE) -> Pet_10090 | G6: 冰雪盛宴：在冰雪王国中参加盛大的宴会，与冰系啪嘟分享温暖的时光。 | H6: =IF(B6=1,RANDBETWEEN(1,6)&","&RANDBETWEEN(1,6),IF(B6=2,RANDBETWEEN(1,6)&","&RANDBETWEEN(1,6),IF(B6=3,RANDBETWEEN(1,6)&","&RANDBETWEEN(1,6),IF(B6=4,RANDBETWEEN(1,6)&","&RANDBETWEEN(1,6)&","&RANDBETWEEN(1,6),IF(B6=5,RANDBETWEEN(1,6)&","&RANDBETWEEN(1,6)&","&RANDBETWEEN(1,6),IF(B6=6,RANDBETWEEN(1,6)&","&RANDBETWEEN(1,6)&","&RANDBETWEEN(1,6),IF(B6=7,RANDBETWEEN(1,6)&","&RANDBETWEEN(1,6)&","&RANDBETWEEN(1,6),IF(B6=8,RANDBETWEEN(1,6)&","&RANDBETWEEN(1,6)&","&RANDBETWEEN(1,6),IF(B6=9,RANDBETWEEN(1,6)&","&RANDBETWEEN(1,6)&","&RANDBETWEEN(1,6),IF(B6=10,RANDBETWEEN(1,6)&","&RANDBETWEEN(1,6)&","&RANDBETWEEN(1,6),0)))))))))) -> 6,6 | I6: =IF(B6=1,4000&","&4000,IF(B6=2,4000&","&4000,IF(B6=3,4000&","&4000,IF(B6=4,3000&","&3000&","&2000,IF(B6=5,3000&","&3000&","&2000,IF(B6=6,3000&","&3000&","&2000,IF(B6=7,3000&","&3000&","&2000,IF(B6=8,3000&","&2000&","&2000,IF(B6=9,2000&","&2000&","&2000,IF(B6=10,2000&","&2000&","&1000,0)))))))))) -> 4000,4000 | J6: =IF(B6=1,10000,IF(B6=2,20000,IF(B6=3,40000,IF(B6=4,80000,IF(B6=5,120000,IF(B6=6,200000,IF(B6=7,400000,IF(B6=8,800000,IF(B6=9,1200000,IF(B6=10,1500000,0)))))))))) -> 10000 | K6: 2000 | L6: 5 | M6: =VLOOKUP(B6,$N$5:$O$14,2,2) -> 1000,200000|10010010,5 | N6: 2 | O6: 1000,300000|10010110,5
A7: 4 | B7: 2 | C7: 1 | D7: =IF(B7=1,10000,IF(B7=2,8000,IF(B7=3,6000,IF(B7=4,4500,IF(B7=5,3000,IF(B7=6,2000,IF(B7=7,1400,IF(B7=8,900,IF(B7=9,500,IF(B7=10,200,0)))))))))) -> 8000 | E7: =IF(B7=1,30,IF(B7=2,60,IF(B7=3,90,IF(B7=4,120,IF(B7=5,240,IF(B7=6,360,IF(B7=7,480,IF(B7=8,600,IF(B7=9,840,IF(B7=10,1080,0)))))))))) -> 60 | F7: =VLOOKUP(IF(B7=1,RANDBETWEEN(1,40),IF(B7=2,RANDBETWEEN(1,40),IF(B7=3,RANDBETWEEN(1,40),IF(B7=4,RANDBETWEEN(101,140),IF(B7=5,RANDBETWEEN(101,140),IF(B7=6,RANDBETWEEN(101,140),IF(B7=7,RANDBETWEEN(101,140),IF(B7=8,RANDBETWEEN(201,214),IF(B7=9,RANDBETWEEN(201,214),IF(B7=10,RANDBETWEEN(201,214),0)))))))))),Sheet2!$A$2:$D$95,4,FALSE) -> Pet_10520 | G7: 冰雪探险：在冰雪覆盖的山脉中寻找遗失的宝藏，与冰系啪嘟一同面对极寒的挑战。 | H7: =IF(B7=1,RANDBETWEEN(1,6)&","&RANDBETWEEN(1,6),IF(B7=2,RANDBETWEEN(1,6)&","&RANDBETWEEN(1,6),IF(B7=3,RANDBETWEEN(1,6)&","&RANDBETWEEN(1,6),IF(B7=4,RANDBETWEEN(1,6)&","&RANDBETWEEN(1,6)&","&RANDBETWEEN(1,6),IF(B7=5,RANDBETWEEN(1,6)&","&RANDBETWEEN(1,6)&","&RANDBETWEEN(1,6),IF(B7=6,RANDBETWEEN(1,6)&","&RANDBETWEEN(1,6)&","&RANDBETWEEN(1,6),IF(B7=7,RANDBETWEEN(1,6)&","&RANDBETWEEN(1,6)&","&RANDBETWEEN(1,6),IF(B7=8,RANDBETWEEN(1,6)&","&RANDBETWEEN(1,6)&","&RANDBETWEEN(1,6),IF(B7=9,RANDBETWEEN(1,6)&","&RANDBETWEEN(1,6)&","&RANDBETWEEN(1,6),IF(B7=10,RANDBETWEEN(1,6)&","&RANDBETWEEN(1,6)&","&RANDBETWEEN(1,6),0)))))))))) -> 4,6 | I7: =IF(B7=1,4000&","&4000,IF(B7=2,4000&","&4000,IF(B7=3,4000&","&4000,IF(B7=4,3000&","&3000&","&2000,IF(B7=5,3000&","&3000&","&2000,IF(B7=6,3000&","&3000&","&2000,IF(B7=7,3000&","&3000&","&2000,IF(B7=8,3000&","&2000&","&2000,IF(B7=9,2000&","&2000&","&2000,IF(B7=10,2000&","&2000&","&1000,0)))))))))) -> 4000,4000 | J7: =IF(B7=1,10000,IF(B7=2,20000,IF(B7=3,40000,IF(B7=4,80000,IF(B7=5,120000,IF(B7=6,200000,IF(B7=7,400000,IF(B7=8,800000,IF(B7=9,1200000,IF(B7=10,1500000,0)))))))))) -> 20000 | K7: 2000 | L7: 5 | M7: =VLOOKUP(B7,$N$5:$O$14,2,2) -> 1000,300000|10010110,5 | N7: 3 | O7: 1000,500000|10010030,5
A8: 5 | B8: 2 | C8: 1 | D8: =IF(B8=1,10000,IF(B8=2,8000,IF(B8=3,6000,IF(B8=4,4500,IF(B8=5,3000,IF(B8=6,2000,IF(B8=7,1400,IF(B8=8,900,IF(B8=9,500,IF(B8=10,200,0)))))))))) -> 8000 | E8: =IF(B8=1,30,IF(B8=2,60,IF(B8=3,90,IF(B8=4,120,IF(B8=5,240,IF(B8=6,360,IF(B8=7,480,IF(B8=8,600,IF(B8=9,840,IF(B8=10,1080,0)))))))))) -> 60 | F8: =VLOOKUP(IF(B8=1,RANDBETWEEN(1,40),IF(B8=2,RANDBETWEEN(1,40),IF(B8=3,RANDBETWEEN(1,40),IF(B8=4,RANDBETWEEN(101,140),IF(B8=5,RANDBETWEEN(101,140),IF(B8=6,RANDBETWEEN(101,140),IF(B8=7,RANDBETWEEN(101,140),IF(B8=8,RANDBETWEEN(201,214),IF(B8=9,RANDBETWEEN(201,214),IF(B8=10,RANDBETWEEN(201,214),0)))))))))),Sheet2!$A$2:$D$95,4,FALSE) -> Pet_10420 | G8: 传说中的剑：寻找传说中的神剑，与剑灵交流，揭示隐藏的英雄传说。 | H8: =IF(B8=1,RANDBETWEEN(1,6)&","&RANDBETWEEN(1,6),IF(B8=2,RANDBETWEEN(1,6)&","&RANDBETWEEN(1,6),IF(B8=3,RANDBETWEEN(1,6)&","&RANDBETWEEN(1,6),IF(B8=4,RANDBETWEEN(1,6)&","&RANDBETWEEN(1,6)&","&RANDBETWEEN(1,6),IF(B8=5,RANDBETWEEN(1,6)&","&RANDBETWEEN(1,6)&","&RANDBETWEEN(1,6),IF(B8=6,RANDBETWEEN(1,6)&","&RANDBETWEEN(1,6)&","&RANDBETWEEN(1,6),IF(B8=7,RANDBETWEEN(1,6)&","&RANDBETWEEN(1,6)&","&RANDBETWEEN(1,6),IF(B8=8,RANDBETWEEN(1,6)&","&RANDBETWEEN(1,6)&","&RANDBETWEEN(1,6),IF(B8=9,RANDBETWEEN(1,6)&","&RANDBETWEEN(1,6)&","&RANDBETWEEN(1,6),IF(B8=10,RANDBETWEEN(1,6)&","&RANDBETWEEN(1,6)&","&RANDBETWEEN(1,6),0)))))))))) -> 4,6 | I8: =IF(B8=1,4000&","&4000,IF(B8=2,4000&","&4000,IF(B8=3,4000&","&4000,IF(B8=4,3000&","&3000&","&2000,IF(B8=5,3000&","&3000&","&2000,IF(B8=6,3000&","&3000&","&2000,IF(B8=7,3000&","&3000&","&2000,IF(B8=8,3000&","&2000&","&2000,IF(B8=9,2000&","&2000&","&2000,IF(B8=10,2000&","&2000&","&1000,0)))))))))) -> 4000,4000 | J8: =IF(B8=1,10000,IF(B8=2,20000,IF(B8=3,40000,IF(B8=4,80000,IF(B8=5,120000,IF(B8=6,200000,IF(B8=7,400000,IF(B8=8,800000,IF(B8=9,1200000,IF(B8=10,1500000,0)))))))))) -> 20000 | K8: 2000 | L8: 5 | M8: =VLOOKUP(B8,$N$5:$O$14,2,2) -> 1000,300000|10010110,5 | N8: 4 | O8: 1000,1000000|10010020,5|10010120,5
A9: 6 | B9: 2 | C9: 1 | D9: =IF(B9=1,10000,IF(B9=2,8000,IF(B9=3,6000,IF(B9=4,4500,IF(B9=5,3000,IF(B9=6,2000,IF(B9=7,1400,IF(B9=8,900,IF(B9=9,500,IF(B9=10,200,0)))))))))) -> 8000 | E9: =IF(B9=1,30,IF(B9=2,60,IF(B9=3,90,IF(B9=4,120,IF(B9=5,240,IF(B9=6,360,IF(B9=7,480,IF(B9=8,600,IF(B9=9,840,IF(B9=10,1080,0)))))))))) -> 60 | F9: =VLOOKUP(IF(B9=1,RANDBETWEEN(1,40),IF(B9=2,RANDBETWEEN(1,40),IF(B9=3,RANDBETWEEN(1,40),IF(B9=4,RANDBETWEEN(101,140),IF(B9=5,RANDBETWEEN(101,140),IF(B9=6,RANDBETWEEN(101,140),IF(B9=7,RANDBETWEEN(101,140),IF(B9=8,RANDBETWEEN(201,214),IF(B9=9,RANDBETWEEN(201,214),IF(B9=10,RANDBETWEEN(201,214),0)))))))))),Sheet2!$A$2:$D$95,4,FALSE) -> Pet_10120 | G9: 丛林守护：保护丛林中的生物不受侵扰，与丛林系啪嘟共同维护生态平衡。 | H9: =IF(B9=1,RANDBETWEEN(1,6)&","&RANDBETWEEN(1,6),IF(B9=2,RANDBETWEEN(1,6)&","&RANDBETWEEN(1,6),IF(B9=3,RANDBETWEEN(1,6)&","&RANDBETWEEN(1,6),IF(B9=4,RANDBETWEEN(1,6)&","&RANDBETWEEN(1,6)&","&RANDBETWEEN(1,6),IF(B9=5,RANDBETWEEN(1,6)&","&RANDBETWEEN(1,6)&","&RANDBETWEEN(1,6),IF(B9=6,RANDBETWEEN(1,6)&","&RANDBETWEEN(1,6)&","&RANDBETWEEN(1,6),IF(B9=7,RANDBETWEEN(1,6)&","&RANDBETWEEN(1,6)&","&RANDBETWEEN(1,6),IF(B9=8,RANDBETWEEN(1,6)&","&RANDBETWEEN(1,6)&","&RANDBETWEEN(1,6),IF(B9=9,RANDBETWEEN(1,6)&","&RANDBETWEEN(1,6)&","&RANDBETWEEN(1,6),IF(B9=10,RANDBETWEEN(1,6)&","&RANDBETWEEN(1,6)&","&RANDBETWEEN(1,6),0)))))))))) -> 5,4 | I9: =IF(B9=1,4000&","&4000,IF(B9=2,4000&","&4000,IF(B9=3,4000&","&4000,IF(B9=4,3000&","&3000&","&2000,IF(B9=5,3000&","&3000&","&2000,IF(B9=6,3000&","&3000&","&2000,IF(B9=7,3000&","&3000&","&2000,IF(B9=8,3000&","&2000&","&2000,IF(B9=9,2000&","&2000&","&2000,IF(B9=10,2000&","&2000&","&1000,0)))))))))) -> 4000,4000 | J9: =IF(B9=1,10000,IF(B9=2,20000,IF(B9=3,40000,IF(B9=4,80000,IF(B9=5,120000,IF(B9=6,200000,IF(B9=7,400000,IF(B9=8,800000,IF(B9=9,1200000,IF(B9=10,1500000,0)))))))))) -> 20000 | K9: 2000 | L9: 5 | M9: =VLOOKUP(B9,$N$5:$O$14,2,2) -> 1000,300000|10010110,5 | N9: 5 | O9: 1000,2000000|10010050,5|10010150,5
A10: 7 | B10: 3 | C10: 1 | D10: =IF(B10=1,10000,IF(B10=2,8000,IF(B10=3,6000,IF(B10=4,4500,IF(B10=5,3000,IF(B10=6,2000,IF(B10=7,1400,IF(B10=8,900,IF(B10=9,500,IF(B10=10,200,0)))))))))) -> 6000 | E10: =IF(B10=1,30,IF(B10=2,60,IF(B10=3,90,IF(B10=4,120,IF(B10=5,240,IF(B10=6,360,IF(B10=7,480,IF(B10=8,600,IF(B10=9,840,IF(B10=10,1080,0)))))))))) -> 90 | F10: =VLOOKUP(IF(B10=1,RANDBETWEEN(1,40),IF(B10=2,RANDBETWEEN(1,40),IF(B10=3,RANDBETWEEN(1,40),IF(B10=4,RANDBETWEEN(101,140),IF(B10=5,RANDBETWEEN(101,140),IF(B10=6,RANDBETWEEN(101,140),IF(B10=7,RANDBETWEEN(101,140),IF(B10=8,RANDBETWEEN(201,214),IF(B10=9,RANDBETWEEN(201,214),IF(B10=10,RANDBETWEEN(201,214),0)))))))))),Sheet2!$A$2:$D$95,4,FALSE) -> Pet_10250 | G10: 丛林探险：穿越密林，发现隐藏在树冠中的秘密，解开丛林中的谜题。 | H10: =IF(B10=1,RANDBETWEEN(1,6)&","&RANDBETWEEN(1,6),IF(B10=2,RANDBETWEEN(1,6)&","&RANDBETWEEN(1,6),IF(B10=3,RANDBETWEEN(1,6)&","&RANDBETWEEN(1,6),IF(B10=4,RANDBETWEEN(1,6)&","&RANDBETWEEN(1,6)&","&RANDBETWEEN(1,6),IF(B10=5,RANDBETWEEN(1,6)&","&RANDBETWEEN(1,6)&","&RANDBETWEEN(1,6),IF(B10=6,RANDBETWEEN(1,6)&","&RANDBETWEEN(1,6)&","&RANDBETWEEN(1,6),IF(B10=7,RANDBETWEEN(1,6)&","&RANDBETWEEN(1,6)&","&RANDBETWEEN(1,6),IF(B10=8,RANDBETWEEN(1,6)&","&RANDBETWEEN(1,6)&","&RANDBETWEEN(1,6),IF(B10=9,RANDBETWEEN(1,6)&","&RANDBETWEEN(1,6)&","&RANDBETWEEN(1,6),IF(B10=10,RANDBETWEEN(1,6)&","&RANDBETWEEN(1,6)&","&RANDBETWEEN(1,6),0)))))))))) -> 5,1 | I10: =IF(B10=1,4000&","&4000,IF(B10=2,4000&","&4000,IF(B10=3,4000&","&4000,IF(B10=4,3000&","&3000&","&2000,IF(B10=5,3000&","&3000&","&2000,IF(B10=6,3000&","&3000&","&2000,IF(B10=7,3000&","&3000&","&2000,IF(B10=8,3000&","&2000&","&2000,IF(B10=9,2000&","&2000&","&2000,IF(B10=10,2000&","&2000&","&1000,0)))))))))) -> 4000,4000 | J10: =IF(B10=1,10000,IF(B10=2,20000,IF(B10=3,40000,IF(B10=4,80000,IF(B10=5,120000,IF(B10=6,200000,IF(B10=7,400000,IF(B10=8,800000,IF(B10=9,1200000,IF(B10=10,1500000,0)))))))))) -> 40000 | K10: 2000 | L10: 5 | M10: =VLOOKUP(B10,$N$5:$O$14,2,2) -> 1000,500000|10010030,5 | N10: 6 | O10: 1000,5000000|10020320,1
A11: 8 | B11: 3 | C11: 1 | D11: =IF(B11=1,10000,IF(B11=2,8000,IF(B11=3,6000,IF(B11=4,4500,IF(B11=5,3000,IF(B11=6,2000,IF(B11=7,1400,IF(B11=8,900,IF(B11=9,500,IF(B11=10,200,0)))))))))) -> 6000 | E11: =IF(B11=1,30,IF(B11=2,60,IF(B11=3,90,IF(B11=4,120,IF(B11=5,240,IF(B11=6,360,IF(B11=7,480,IF(B11=8,600,IF(B11=9,840,IF(B11=10,1080,0)))))))))) -> 90 | F11: =VLOOKUP(IF(B11=1,RANDBETWEEN(1,40),IF(B11=2,RANDBETWEEN(1,40),IF(B11=3,RANDBETWEEN(1,40),IF(B11=4,RANDBETWEEN(101,140),IF(B11=5,RANDBETWEEN(101,140),IF(B11=6,RANDBETWEEN(101,140),IF(B11=7,RANDBETWEEN(101,140),IF(B11=8,RANDBETWEEN(201,214),IF(B11=9,RANDBETWEEN(201,214),IF(B11=10,RANDBETWEEN(201,214),0)))))))))),Sheet2!$A$2:$D$95,4,FALSE) -> Pet_10620 | G11: 丛林探险：在丛林中寻找传说中的宝藏，与丛林系啪嘟一起揭开隐藏的谜题。 | H11: =IF(B11=1,RANDBETWEEN(1,6)&","&RANDBETWEEN(1,6),IF(B11=2,RANDBETWEEN(1,6)&","&RANDBETWEEN(1,6),IF(B11=3,RANDBETWEEN(1,6)&","&RANDBETWEEN(1,6),IF(B11=4,RANDBETWEEN(1,6)&","&RANDBETWEEN(1,6)&","&RANDBETWEEN(1,6),IF(B11=5,RANDBETWEEN(1,6)&","&RANDBETWEEN(1,6)&","&RANDBETWEEN(1,6),IF(B11=6,RANDBETWEEN(1,6)&","&RANDBETWEEN(1,6)&","&RANDBETWEEN(1,6),IF(B11=7,RANDBETWEEN(1,6)&","&RANDBETWEEN(1,6)&","&RANDBETWEEN(1,6),IF(B11=8,RANDBETWEEN(1,6)&","&RANDBETWEEN(1,6)&","&RANDBETWEEN(1,6),IF(B11=9,RANDBETWEEN(1,6)&","&RANDBETWEEN(1,6)&","&RANDBETWEEN(1,6),IF(B11=10,RANDBETWEEN(1,6)&","&RANDBETWEEN(1,6)&","&RANDBETWEEN(1,6),0)))))))))) -> 4,3 | I11: =IF(B11=1,4000&","&4000,IF(B11=2,4000&","&4000,IF(B11=3,4000&","&4000,IF(B11=4,3000&","&3000&","&2000,IF(B11=5,3000&","&3000&","&2000,IF(B11=6,3000&","&3000&","&2000,IF(B11=7,3000&","&3000&","&2000,IF(B11=8,3000&","&2000&","&2000,IF(B11=9,2000&","&2000&","&2000,IF(B11=10,2000&","&2000&","&1000,0)))))))))) -> 4000,4000 | J11: =IF(B11=1,10000,IF(B11=2,20000,IF(B11=3,40000,IF(B11=4,80000,IF(B11=5,120000,IF(B11=6,200000,IF(B11=7,400000,IF(B11=8,800000,IF(B11=9,1200000,IF(B11=10,1500000,0)))))))))) -> 40000 | K11: 2000 | L11: 5 | M11: =VLOOKUP(B11,$N$5:$O$14,2,2) -> 1000,500000|10010030,5 | N11: 7 | O11: 1000,10000000|10020330,1
A12: 9 | B12: 3 | C12: 1 | D12: =IF(B12=1,10000,IF(B12=2,8000,IF(B12=3,6000,IF(B12=4,4500,IF(B12=5,3000,IF(B12=6,2000,IF(B12=7,1400,IF(B12=8,900,IF(B12=9,500,IF(B12=10,200,0)))))))))) -> 6000 | E12: =IF(B12=1,30,IF(B12=2,60,IF(B12=3,90,IF(B12=4,120,IF(B12=5,240,IF(B12=6,360,IF(B12=7,480,IF(B12=8,600,IF(B12=9,840,IF(B12=10,1080,0)))))))))) -> 90 | F12: =VLOOKUP(IF(B12=1,RANDBETWEEN(1,40),IF(B12=2,RANDBETWEEN(1,40),IF(B12=3,RANDBETWEEN(1,40),IF(B12=4,RANDBETWEEN(101,140),IF(B12=5,RANDBETWEEN(101,140),IF(B12=6,RANDBETWEEN(101,140),IF(B12=7,RANDBETWEEN(101,140),IF(B12=8,RANDBETWEEN(201,214),IF(B12=9,RANDBETWEEN(201,214),IF(B12=10,RANDBETWEEN(201,214),0)))))))))),Sheet2!$A$2:$D$95,4,FALSE) -> Pet_10580 | G12: 地下城探险：进入神秘的地下城，寻找失落的宝藏，与地下生物对抗。 | H12: =IF(B12=1,RANDBETWEEN(1,6)&","&RANDBETWEEN(1,6),IF(B12=2,RANDBETWEEN(1,6)&","&RANDBETWEEN(1,6),IF(B12=3,RANDBETWEEN(1,6)&","&RANDBETWEEN(1,6),IF(B12=4,RANDBETWEEN(1,6)&","&RANDBETWEEN(1,6)&","&RANDBETWEEN(1,6),IF(B12=5,RANDBETWEEN(1,6)&","&RANDBETWEEN(1,6)&","&RANDBETWEEN(1,6),IF(B12=6,RANDBETWEEN(1,6)&","&RANDBETWEEN(1,6)&","&RANDBETWEEN(1,6),IF(B12=7,RANDBETWEEN(1,6)&","&RANDBETWEEN(1,6)&","&RANDBETWEEN(1,6),IF(B12=8,RANDBETWEEN(1,6)&","&RANDBETWEEN(1,6)&","&RANDBETWEEN(1,6),IF(B12=9,RANDBETWEEN(1,6)&","&RANDBETWEEN(1,6)&","&RANDBETWEEN(1,6),IF(B12=10,RANDBETWEEN(1,6)&","&RANDBETWEEN(1,6)&","&RANDBETWEEN(1,6),0)))))))))) -> 3,4 | I12: =IF(B12=1,4000&","&4000,IF(B12=2,4000&","&4000,IF(B12=3,4000&","&4000,IF(B12=4,3000&","&3000&","&2000,IF(B12=5,3000&","&3000&","&2000,IF(B12=6,3000&","&3000&","&2000,IF(B12=7,3000&","&3000&","&2000,IF(B12=8,3000&","&2000&","&2000,IF(B12=9,2000&","&2000&","&2000,IF(B12=10,2000&","&2000&","&1000,0)))))))))) -> 4000,4000 | J12: =IF(B12=1,10000,IF(B12=2,20000,IF(B12=3,40000,IF(B12=4,80000,IF(B12=5,120000,IF(B12=6,200000,IF(B12=7,400000,IF(B12=8,800000,IF(B12=9,1200000,IF(B12=10,1500000,0)))))))))) -> 40000 | K12: 2000 | L12: 5 | M12: =VLOOKUP(B12,$N$5:$O$14,2,2) -> 1000,500000|10010030,5 | N12: 8 | O12: 1000,20000000|10000010,1
A13: 10 | B13: 4 | C13: 1 | D13: =IF(B13=1,10000,IF(B13=2,8000,IF(B13=3,6000,IF(B13=4,4500,IF(B13=5,3000,IF(B13=6,2000,IF(B13=7,1400,IF(B13=8,900,IF(B13=9,500,IF(B13=10,200,0)))))))))) -> 4500 | E13: =IF(B13=1,30,IF(B13=2,60,IF(B13=3,90,IF(B13=4,120,IF(B13=5,240,IF(B13=6,360,IF(B13=7,480,IF(B13=8,600,IF(B13=9,840,IF(B13=10,1080,0)))))))))) -> 120 | F13: =VLOOKUP(IF(B13=1,RANDBETWEEN(1,40),IF(B13=2,RANDBETWEEN(1,40),IF(B13=3,RANDBETWEEN(1,40),IF(B13=4,RANDBETWEEN(101,140),IF(B13=5,RANDBETWEEN(101,140),IF(B13=6,RANDBETWEEN(101,140),IF(B13=7,RANDBETWEEN(101,140),IF(B13=8,RANDBETWEEN(201,214),IF(B13=9,RANDBETWEEN(201,214),IF(B13=10,RANDBETWEEN(201,214),0)))))))))),Sheet2!$A$2:$D$95,4,FALSE) -> Pet_10531 | G13: 地下迷宫：进入复杂的地下迷宫，解开隐藏的机关和谜题，找到通往宝藏的道路。 | H13: =IF(B13=1,RANDBETWEEN(1,6)&","&RANDBETWEEN(1,6),IF(B13=2,RANDBETWEEN(1,6)&","&RANDBETWEEN(1,6),IF(B13=3,RANDBETWEEN(1,6)&","&RANDBETWEEN(1,6),IF(B13=4,RANDBETWEEN(1,6)&","&RANDBETWEEN(1,6)&","&RANDBETWEEN(1,6),IF(B13=5,RANDBETWEEN(1,6)&","&RANDBETWEEN(1,6)&","&RANDBETWEEN(1,6),IF(B13=6,RANDBETWEEN(1,6)&","&RANDBETWEEN(1,6)&","&RANDBETWEEN(1,6),IF(B13=7,RANDBETWEEN(1,6)&","&RANDBETWEEN(1,6)&","&RANDBETWEEN(1,6),IF(B13=8,RANDBETWEEN(1,6)&","&RANDBETWEEN(1,6)&","&RANDBETWEEN(1,6),IF(B13=9,RANDBETWEEN(1,6)&","&RANDBETWEEN(1,6)&","&RANDBETWEEN(1,6),IF(B13=10,RANDBETWEEN(1,6)&","&RANDBETWEEN(1,6)&","&RANDBETWEEN(1,6),0)))))))))) -> 3,3,2 | I13: =IF(B13=1,4000&","&4000,IF(B13=2,4000&","&4000,IF(B13=3,4000&","&4000,IF(B13=4,3000&","&3000&","&2000,IF(B13=5,3000&","&3000&","&2000,IF(B13=6,3000&","&3000&","&2000,IF(B13=7,3000&","&3000&","&2000,IF(B13=8,3000&","&2000&","&2000,IF(B13=9,2000&","&2000&","&2000,IF(B13=10,2000&","&2000&","&1000,0)))))))))) -> 3000,3000,2000 | J13: =IF(B13=1,10000,IF(B13=2,20000,IF(B13=3,40000,IF(B13=4,80000,IF(B13=5,120000,IF(B13=6,200000,IF(B13=7,400000,IF(B13=8,800000,IF(B13=9,1200000,IF(B13=10,1500000,0)))))))))) -> 80000 | K13: 2000 | L13: 5 | M13: =VLOOKUP(B13,$N$5:$O$14,2,2) -> 1000,1000000|10010020,5|10010120,5 | N13: 9 | O13: 1000,50000000|10020440,2
A14: 11 | B14: 4 | C14: 1 | D14: =IF(B14=1,10000,IF(B14=2,8000,IF(B14=3,6000,IF(B14=4,4500,IF(B14=5,3000,IF(B14=6,2000,IF(B14=7,1400,IF(B14=8,900,IF(B14=9,500,IF(B14=10,200,0)))))))))) -> 4500 | E14: =IF(B14=1,30,IF(B14=2,60,IF(B14=3,90,IF(B14=4,120,IF(B14=5,240,IF(B14=6,360,IF(B14=7,480,IF(B14=8,600,IF(B14=9,840,IF(B14=10,1080,0)))))))))) -> 120 | F14: =VLOOKUP(IF(B14=1,RANDBETWEEN(1,40),IF(B14=2,RANDBETWEEN(1,40),IF(B14=3,RANDBETWEEN(1,40),IF(B14=4,RANDBETWEEN(101,140),IF(B14=5,RANDBETWEEN(101,140),IF(B14=6,RANDBETWEEN(101,140),IF(B14=7,RANDBETWEEN(101,140),IF(B14=8,RANDBETWEEN(201,214),IF(B14=9,RANDBETWEEN(201,214),IF(B14=10,RANDBETWEEN(201,214),0)))))))))),Sheet2!$A$2:$D$95,4,FALSE) -> Pet_10571 | G14: 风之岛探险：在风之岛中寻找隐藏的宝藏，与风系啪嘟一起面对风力的挑战。 | H14: =IF(B14=1,RANDBETWEEN(1,6)&","&RANDBETWEEN(1,6),IF(B14=2,RANDBETWEEN(1,6)&","&RANDBETWEEN(1,6),IF(B14=3,RANDBETWEEN(1,6)&","&RANDBETWEEN(1,6),IF(B14=4,RANDBETWEEN(1,6)&","&RANDBETWEEN(1,6)&","&RANDBETWEEN(1,6),IF(B14=5,RANDBETWEEN(1,6)&","&RANDBETWEEN(1,6)&","&RANDBETWEEN(1,6),IF(B14=6,RANDBETWEEN(1,6)&","&RANDBETWEEN(1,6)&","&RANDBETWEEN(1,6),IF(B14=7,RANDBETWEEN(1,6)&","&RANDBETWEEN(1,6)&","&RANDBETWEEN(1,6),IF(B14=8,RANDBETWEEN(1,6)&","&RANDBETWEEN(1,6)&","&RANDBETWEEN(1,6),IF(B14=9,RANDBETWEEN(1,6)&","&RANDBETWEEN(1,6)&","&RANDBETWEEN(1,6),IF(B14=10,RANDBETWEEN(1,6)&","&RANDBETWEEN(1,6)&","&RANDBETWEEN(1,6),0)))))))))) -> 2,5,2 | I14: =IF(B14=1,4000&","&4000,IF(B14=2,4000&","&4000,IF(B14=3,4000&","&4000,IF(B14=4,3000&","&3000&","&2000,IF(B14=5,3000&","&3000&","&2000,IF(B14=6,3000&","&3000&","&2000,IF(B14=7,3000&","&3000&","&2000,IF(B14=8,3000&","&2000&","&2000,IF(B14=9,2000&","&2000&","&2000,IF(B14=10,2000&","&2000&","&1000,0)))))))))) -> 3000,3000,2000 | J14: =IF(B14=1,10000,IF(B14=2,20000,IF(B14=3,40000,IF(B14=4,80000,IF(B14=5,120000,IF(B14=6,200000,IF(B14=7,400000,IF(B14=8,800000,IF(B14=9,1200000,IF(B14=10,1500000,0)))))))))) -> 80000 | K14: 2000 | L14: 5 | M14: =VLOOKUP(B14,$N$5:$O$14,2,2) -> 1000,1000000|10010020,5|10010120,5 | N14: 10 | O14: 1000,100000000|10000010,10
A15: 12 | B15: 4 | C15: 1 | D15: =IF(B15=1,10000,IF(B15=2,8000,IF(B15=3,6000,IF(B15=4,4500,IF(B15=5,3000,IF(B15=6,2000,IF(B15=7,1400,IF(B15=8,900,IF(B15=9,500,IF(B15=10,200,0)))))))))) -> 4500 | E15: =IF(B15=1,30,IF(B15=2,60,IF(B15=3,90,IF(B15=4,120,IF(B15=5,240,IF(B15=6,360,IF(B15=7,480,IF(B15=8,600,IF(B15=9,840,IF(B15=10,1080,0)))))))))) -> 120 | F15: =VLOOKUP(IF(B15=1,RANDBETWEEN(1,40),IF(B15=2,RANDBETWEEN(1,40),IF(B15=3,RANDBETWEEN(1,40),IF(B15=4,RANDBETWEEN(101,140),IF(B15=5,RANDBETWEEN(101,140),IF(B15=6,RANDBETWEEN(101,140),IF(B15=7,RANDBETWEEN(101,140),IF(B15=8,RANDBETWEEN(201,214),IF(B15=9,RANDBETWEEN(201,214),IF(B15=10,RANDBETWEEN(201,214),0)))))))))),Sheet2!$A$2:$D$95,4,FALSE) -> Pet_10621 | G15: 风之谷探索：在风之谷中探索，利用风力机制解决难题，与风系啪嘟共同冒险。 | H15: =IF(B15=1,RANDBETWEEN(1,6)&","&RANDBETWEEN(1,6),IF(B15=2,RANDBETWEEN(1,6)&","&RANDBETWEEN(1,6),IF(B15=3,RANDBETWEEN(1,6)&","&RANDBETWEEN(1,6),IF(B15=4,RANDBETWEEN(1,6)&","&RANDBETWEEN(1,6)&","&RANDBETWEEN(1,6),IF(B15=5,RANDBETWEEN(1,6)&","&RANDBETWEEN(1,6)&","&RANDBETWEEN(1,6),IF(B15=6,RANDBETWEEN(1,6)&","&RANDBETWEEN(1,6)&","&RANDBETWEEN(1,6),IF(B15=7,RANDBETWEEN(1,6)&","&RANDBETWEEN(1,6)&","&RANDBETWEEN(1,6),IF(B15=8,RANDBETWEEN(1,6)&","&RANDBETWEEN(1,6)&","&RANDBETWEEN(1,6),IF(B15=9,RANDBETWEEN(1,6)&","&RANDBETWEEN(1,6)&","&RANDBETWEEN(1,6),IF(B15=10,RANDBETWEEN(1,6)&","&RANDBETWEEN(1,6)&","&RANDBETWEEN(1,6),0)))))))))) -> 1,3,5 | I15: =IF(B15=1,4000&","&4000,IF(B15=2,4000&","&4000,IF(B15=3,4000&","&4000,IF(B15=4,3000&","&3000&","&2000,IF(B15=5,3000&","&3000&","&2000,IF(B15=6,3000&","&3000&","&2000,IF(B15=7,3000&","&3000&","&2000,IF(B15=8,3000&","&2000&","&2000,IF(B15=9,2000&","&2000&","&2000,IF(B15=10,2000&","&2000&","&1000,0)))))))))) -> 3000,3000,2000 | J15: =IF(B15=1,10000,IF(B15=2,20000,IF(B15=3,40000,IF(B15=4,80000,IF(B15=5,120000,IF(B15=6,200000,IF(B15=7,400000,IF(B15=8,800000,IF(B15=9,1200000,IF(B15=10,1500000,0)))))))))) -> 80000 | K15: 2000 | L15: 5 | M15: =VLOOKUP(B15,$N$5:$O$14,2,2) -> 1000,1000000|10010020,5|10010120,5
A16: 13 | B16: 1 | C16: 2 | D16: =IF(B16=1,10000,IF(B16=2,8000,IF(B16=3,6000,IF(B16=4,4500,IF(B16=5,3000,IF(B16=6,2000,IF(B16=7,1400,IF(B16=8,900,IF(B16=9,500,IF(B16=10,200,0)))))))))) -> 10000 | E16: =IF(B16=1,30,IF(B16=2,60,IF(B16=3,90,IF(B16=4,120,IF(B16=5,240,IF(B16=6,360,IF(B16=7,480,IF(B16=8,600,IF(B16=9,840,IF(B16=10,1080,0)))))))))) -> 30 | F16: =VLOOKUP(IF(B16=1,RANDBETWEEN(1,40),IF(B16=2,RANDBETWEEN(1,40),IF(B16=3,RANDBETWEEN(1,40),IF(B16=4,RANDBETWEEN(101,140),IF(B16=5,RANDBETWEEN(101,140),IF(B16=6,RANDBETWEEN(101,140),IF(B16=7,RANDBETWEEN(101,140),IF(B16=8,RANDBETWEEN(201,214),IF(B16=9,RANDBETWEEN(201,214),IF(B16=10,RANDBETWEEN(201,214),0)))))))))),Sheet2!$A$2:$D$95,4,FALSE) -> Pet_10520 | G16: 风之谷探险：在风之谷中探索，利用风力机制解决难题，与风系啪嘟共同冒险。 | H16: =IF(B16=1,RANDBETWEEN(1,6)&","&RANDBETWEEN(1,6),IF(B16=2,RANDBETWEEN(1,6)&","&RANDBETWEEN(1,6),IF(B16=3,RANDBETWEEN(1,6)&","&RANDBETWEEN(1,6),IF(B16=4,RANDBETWEEN(1,6)&","&RANDBETWEEN(1,6)&","&RANDBETWEEN(1,6),IF(B16=5,RANDBETWEEN(1,6)&","&RANDBETWEEN(1,6)&","&RANDBETWEEN(1,6),IF(B16=6,RANDBETWEEN(1,6)&","&RANDBETWEEN(1,6)&","&RANDBETWEEN(1,6),IF(B16=7,RANDBETWEEN(1,6)&","&RANDBETWEEN(1,6)&","&RANDBETWEEN(1,6),IF(B16=8,RANDBETWEEN(1,6)&","&RANDBETWEEN(1,6)&","&RANDBETWEEN(1,6),IF(B16=9,RANDBETWEEN(1,6)&","&RANDBETWEEN(1,6)&","&RANDBETWEEN(1,6),IF(B16=10,RANDBETWEEN(1,6)&","&RANDBETWEEN(1,6)&","&RANDBETWEEN(1,6),0)))))))))) -> 5,3 | I16: =IF(B16=1,4000&","&4000,IF(B16=2,4000&","&4000,IF(B16=3,4000&","&4000,IF(B16=4,3000&","&3000&","&2000,IF(B16=5,3000&","&3000&","&2000,IF(B16=6,3000&","&3000&","&2000,IF(B16=7,3000&","&3000&","&2000,IF(B16=8,3000&","&2000&","&2000,IF(B16=9,2000&","&2000&","&2000,IF(B16=10,2000&","&2000&","&1000,0)))))))))) -> 4000,4000 | J16: =IF(B16=1,10000,IF(B16=2,20000,IF(B16=3,40000,IF(B16=4,80000,IF(B16=5,120000,IF(B16=6,200000,IF(B16=7,400000,IF(B16=8,800000,IF(B16=9,1200000,IF(B16=10,1500000,0)))))))))) -> 10000 | K16: 2000 | L16: 5 | M16: =VLOOKUP(B16,$N$5:$O$14,2,2) -> 1000,200000|10010010,5
A17: 14 | B17: 1 | C17: 2 | D17: =IF(B17=1,10000,IF(B17=2,8000,IF(B17=3,6000,IF(B17=4,4500,IF(B17=5,3000,IF(B17=6,2000,IF(B17=7,1400,IF(B17=8,900,IF(B17=9,500,IF(B17=10,200,0)))))))))) -> 10000 | E17: =IF(B17=1,30,IF(B17=2,60,IF(B17=3,90,IF(B17=4,120,IF(B17=5,240,IF(B17=6,360,IF(B17=7,480,IF(B17=8,600,IF(B17=9,840,IF(B17=10,1080,0)))))))))) -> 30 | F17: =VLOOKUP(IF(B17=1,RANDBETWEEN(1,40),IF(B17=2,RANDBETWEEN(1,40),IF(B17=3,RANDBETWEEN(1,40),IF(B17=4,RANDBETWEEN(101,140),IF(B17=5,RANDBETWEEN(101,140),IF(B17=6,RANDBETWEEN(101,140),IF(B17=7,RANDBETWEEN(101,140),IF(B17=8,RANDBETWEEN(201,214),IF(B17=9,RANDBETWEEN(201,214),IF(B17=10,RANDBETWEEN(201,214),0)))))))))),Sheet2!$A$2:$D$95,4,FALSE) -> Pet_10170 | G17: 古堡探秘：进入古老的城堡，揭开隐藏在其中的秘密，与神秘的生物交谈。 | H17: =IF(B17=1,RANDBETWEEN(1,6)&","&RANDBETWEEN(1,6),IF(B17=2,RANDBETWEEN(1,6)&","&RANDBETWEEN(1,6),IF(B17=3,RANDBETWEEN(1,6)&","&RANDBETWEEN(1,6),IF(B17=4,RANDBETWEEN(1,6)&","&RANDBETWEEN(1,6)&","&RANDBETWEEN(1,6),IF(B17=5,RANDBETWEEN(1,6)&","&RANDBETWEEN(1,6)&","&RANDBETWEEN(1,6),IF(B17=6,RANDBETWEEN(1,6)&","&RANDBETWEEN(1,6)&","&RANDBETWEEN(1,6),IF(B17=7,RANDBETWEEN(1,6)&","&RANDBETWEEN(1,6)&","&RANDBETWEEN(1,6),IF(B17=8,RANDBETWEEN(1,6)&","&RANDBETWEEN(1,6)&","&RANDBETWEEN(1,6),IF(B17=9,RANDBETWEEN(1,6)&","&RANDBETWEEN(1,6)&","&RANDBETWEEN(1,6),IF(B17=10,RANDBETWEEN(1,6)&","&RANDBETWEEN(1,6)&","&RANDBETWEEN(1,6),0)))))))))) -> 5,5 | I17: =IF(B17=1,4000&","&4000,IF(B17=2,4000&","&4000,IF(B17=3,4000&","&4000,IF(B17=4,3000&","&3000&","&2000,IF(B17=5,3000&","&3000&","&2000,IF(B17=6,3000&","&3000&","&2000,IF(B17=7,3000&","&3000&","&2000,IF(B17=8,3000&","&2000&","&2000,IF(B17=9,2000&","&2000&","&2000,IF(B17=10,2000&","&2000&","&1000,0)))))))))) -> 4000,4000 | J17: =IF(B17=1,10000,IF(B17=2,20000,IF(B17=3,40000,IF(B17=4,80000,IF(B17=5,120000,IF(B17=6,200000,IF(B17=7,400000,IF(B17=8,800000,IF(B17=9,1200000,IF(B17=10,1500000,0)))))))))) -> 10000 | K17: 2000 | L17: 5 | M17: =VLOOKUP(B17,$N$5:$O$14,2,2) -> 1000,200000|10010010,5
A18: 15 | B18: 1 | C18: 2 | D18: =IF(B18=1,10000,IF(B18=2,8000,IF(B18=3,6000,IF(B18=4,4500,IF(B18=5,3000,IF(B18=6,2000,IF(B18=7,1400,IF(B18=8,900,IF(B18=9,500,IF(B18=10,200,0)))))))))) -> 10000 | E18: =IF(B18=1,30,IF(B18=2,60,IF(B18=3,90,IF(B18=4,120,IF(B18=5,240,IF(B18=6,360,IF(B18=7,480,IF(B18=8,600,IF(B18=9,840,IF(B18=10,1080,0)))))))))) -> 30 | F18: =VLOOKUP(IF(B18=1,RANDBETWEEN(1,40),IF(B18=2,RANDBETWEEN(1,40),IF(B18=3,RANDBETWEEN(1,40),IF(B18=4,RANDBETWEEN(101,140),IF(B18=5,RANDBETWEEN(101,140),IF(B18=6,RANDBETWEEN(101,140),IF(B18=7,RANDBETWEEN(101,140),IF(B18=8,RANDBETWEEN(201,214),IF(B18=9,RANDBETWEEN(201,214),IF(B18=10,RANDBETWEEN(201,214),0)))))))))),Sheet2!$A$2:$D$95,4,FALSE) -> Pet_10180 | G18: 古堡探秘：进入古老的城堡，揭开隐藏在其中的秘密，与神秘的生物交谈。 | H18: =IF(B18=1,RANDBETWEEN(1,6)&","&RANDBETWEEN(1,6),IF(B18=2,RANDBETWEEN(1,6)&","&RANDBETWEEN(1,6),IF(B18=3,RANDBETWEEN(1,6)&","&RANDBETWEEN(1,6),IF(B18=4,RANDBETWEEN(1,6)&","&RANDBETWEEN(1,6)&","&RANDBETWEEN(1,6),IF(B18=5,RANDBETWEEN(1,6)&","&RANDBETWEEN(1,6)&","&RANDBETWEEN(1,6),IF(B18=6,RANDBETWEEN(1,6)&","&RANDBETWEEN(1,6)&","&RANDBETWEEN(1,6),IF(B18=7,RANDBETWEEN(1,6)&","&RANDBETWEEN(1,6)&","&RANDBETWEEN(1,6),IF(B18=8,RANDBETWEEN(1,6)&","&RANDBETWEEN(1,6)&","&RANDBETWEEN(1,6),IF(B18=9,RANDBETWEEN(1,6)&","&RANDBETWEEN(1,6)&","&RANDBETWEEN(1,6),IF(B18=10,RANDBETWEEN(1,6)&","&RANDBETWEEN(1,6)&","&RANDBETWEEN(1,6),0)))))))))) -> 4,6 | I18: =IF(B18=1,4000&","&4000,IF(B18=2,4000&","&4000,IF(B18=3,4000&","&4000,IF(B18=4,3000&","&3000&","&2000,IF(B18=5,3000&","&3000&","&2000,IF(B18=6,3000&","&3000&","&2000,IF(B18=7,3000&","&3000&","&2000,IF(B18=8,3000&","&2000&","&2000,IF(B18=9,2000&","&2000&","&2000,IF(B18=10,2000&","&2000&","&1000,0)))))))))) -> 4000,4000 | J18: =IF(B18=1,10000,IF(B18=2,20000,IF(B18=3,40000,IF(B18=4,80000,IF(B18=5,120000,IF(B18=6,200000,IF(B18=7,400000,IF(B18=8,800000,IF(B18=9,1200000,IF(B18=10,1500000,0)))))))))) -> 10000 | K18: 2000 | L18: 5 | M18: =VLOOKUP(B18,$N$5:$O$14,2,2) -> 1000,200000|10010010,5
A19: 16 | B19: 2 | C19: 2 | D19: =IF(B19=1,10000,IF(B19=2,8000,IF(B19=3,6000,IF(B19=4,4500,IF(B19=5,3000,IF(B19=6,2000,IF(B19=7,1400,IF(B19=8,900,IF(B19=9,500,IF(B19=10,200,0)))))))))) -> 8000 | E19: =IF(B19=1,30,IF(B19=2,60,IF(B19=3,90,IF(B19=4,120,IF(B19=5,240,IF(B19=6,360,IF(B19=7,480,IF(B19=8,600,IF(B19=9,840,IF(B19=10,1080,0)))))))))) -> 60 | F19: =VLOOKUP(IF(B19=1,RANDBETWEEN(1,40),IF(B19=2,RANDBETWEEN(1,40),IF(B19=3,RANDBETWEEN(1,40),IF(B19=4,RANDBETWEEN(101,140),IF(B19=5,RANDBETWEEN(101,140),IF(B19=6,RANDBETWEEN(101,140),IF(B19=7,RANDBETWEEN(101,140),IF(B19=8,RANDBETWEEN(201,214),IF(B19=9,RANDBETWEEN(201,214),IF(B19=10,RANDBETWEEN(201,214),0)))))))))),Sheet2!$A$2:$D$95,4,FALSE) -> Pet_10410 | G19: 古代传说：解开古代传说的秘密，与传说中的啪嘟共同探索历史的真相。 | H19: =IF(B19=1,RANDBETWEEN(1,6)&","&RANDBETWEEN(1,6),IF(B19=2,RANDBETWEEN(1,6)&","&RANDBETWEEN(1,6),IF(B19=3,RANDBETWEEN(1,6)&","&RANDBETWEEN(1,6),IF(B19=4,RANDBETWEEN(1,6)&","&RANDBETWEEN(1,6)&","&RANDBETWEEN(1,6),IF(B19=5,RANDBETWEEN(1,6)&","&RANDBETWEEN(1,6)&","&RANDBETWEEN(1,6),IF(B19=6,RANDBETWEEN(1,6)&","&RANDBETWEEN(1,6)&","&RANDBETWEEN(1,6),IF(B19=7,RANDBETWEEN(1,6)&","&RANDBETWEEN(1,6)&","&RANDBETWEEN(1,6),IF(B19=8,RANDBETWEEN(1,6)&","&RANDBETWEEN(1,6)&","&RANDBETWEEN(1,6),IF(B19=9,RANDBETWEEN(1,6)&","&RANDBETWEEN(1,6)&","&RANDBETWEEN(1,6),IF(B19=10,RANDBETWEEN(1,6)&","&RANDBETWEEN(1,6)&","&RANDBETWEEN(1,6),0)))))))))) -> 6,2 | I19: =IF(B19=1,4000&","&4000,IF(B19=2,4000&","&4000,IF(B19=3,4000&","&4000,IF(B19=4,3000&","&3000&","&2000,IF(B19=5,3000&","&3000&","&2000,IF(B19=6,3000&","&3000&","&2000,IF(B19=7,3000&","&3000&","&2000,IF(B19=8,3000&","&2000&","&2000,IF(B19=9,2000&","&2000&","&2000,IF(B19=10,2000&","&2000&","&1000,0)))))))))) -> 4000,4000 | J19: =IF(B19=1,10000,IF(B19=2,20000,IF(B19=3,40000,IF(B19=4,80000,IF(B19=5,120000,IF(B19=6,200000,IF(B19=7,400000,IF(B19=8,800000,IF(B19=9,1200000,IF(B19=10,1500000,0)))))))))) -> 20000 | K19: 2000 | L19: 5 | M19: =VLOOKUP(B19,$N$5:$O$14,2,2) -> 1000,300000|10010110,5
A20: 17 | B20: 2 | C20: 2 | D20: =IF(B20=1,10000,IF(B20=2,8000,IF(B20=3,6000,IF(B20=4,4500,IF(B20=5,3000,IF(B20=6,2000,IF(B20=7,1400,IF(B20=8,900,IF(B20=9,500,IF(B20=10,200,0)))))))))) -> 8000 | E20: =IF(B20=1,30,IF(B20=2,60,IF(B20=3,90,IF(B20=4,120,IF(B20=5,240,IF(B20=6,360,IF(B20=7,480,IF(B20=8,600,IF(B20=9,840,IF(B20=10,1080,0)))))))))) -> 60 | F20: =VLOOKUP(IF(B20=1,RANDBETWEEN(1,40),IF(B20=2,RANDBETWEEN(1,40),IF(B20=3,RANDBETWEEN(1,40),IF(B20=4,RANDBETWEEN(101,140),IF(B20=5,RANDBETWEEN(101,140),IF(B20=6,RANDBETWEEN(101,140),IF(B20=7,RANDBETWEEN(101,140),IF(B20=8,RANDBETWEEN(201,214),IF(B20=9,RANDBETWEEN(201,214),IF(B20=10,RANDBETWEEN(201,214),0)))))))))),Sheet2!$A$2:$D$95,4,FALSE) -> Pet_10350 | G20: 古老战场：探索古老的战场，寻找传说中的神器，与战场的灵魂对话。 | H20: =IF(B20=1,RANDBETWEEN(1,6)&","&RANDBETWEEN(1,6),IF(B20=2,RANDBETWEEN(1,6)&","&RANDBETWEEN(1,6),IF(B20=3,RANDBETWEEN(1,6)&","&RANDBETWEEN(1,6),IF(B20=4,RANDBETWEEN(1,6)&","&RANDBETWEEN(1,6)&","&RANDBETWEEN(1,6),IF(B20=5,RANDBETWEEN(1,6)&","&RANDBETWEEN(1,6)&","&RANDBETWEEN(1,6),IF(B20=6,RANDBETWEEN(1,6)&","&RANDBETWEEN(1,6)&","&RANDBETWEEN(1,6),IF(B20=7,RANDBETWEEN(1,6)&","&RANDBETWEEN(1,6)&","&RANDBETWEEN(1,6),IF(B20=8,RANDBETWEEN(1,6)&","&RANDBETWEEN(1,6)&","&RANDBETWEEN(1,6),IF(B20=9,RANDBETWEEN(1,6)&","&RANDBETWEEN(1,6)&","&RANDBETWEEN(1,6),IF(B20=10,RANDBETWEEN(1,6)&","&RANDBETWEEN(1,6)&","&RANDBETWEEN(1,6),0)))))))))) -> 3,5 | I20: =IF(B20=1,4000&","&4000,IF(B20=2,4000&","&4000,IF(B20=3,4000&","&4000,IF(B20=4,3000&","&3000&","&2000,IF(B20=5,3000&","&3000&","&2000,IF(B20=6,3000&","&3000&","&2000,IF(B20=7,3000&","&3000&","&2000,IF(B20=8,3000&","&2000&","&2000,IF(B20=9,2000&","&2000&","&2000,IF(B20=10,2000&","&2000&","&1000,0)))))))))) -> 4000,4000 | J20: =IF(B20=1,10000,IF(B20=2,20000,IF(B20=3,40000,IF(B20=4,80000,IF(B20=5,120000,IF(B20=6,200000,IF(B20=7,400000,IF(B20=8,800000,IF(B20=9,1200000,IF(B20=10,1500000,0)))))))))) -> 20000 | K20: 2000 | L20: 5 | M20: =VLOOKUP(B20,$N$5:$O$14,2,2) -> 1000,300000|10010110,5
A21: 18 | B21: 2 | C21: 2 | D21: =IF(B21=1,10000,IF(B21=2,8000,IF(B21=3,6000,IF(B21=4,4500,IF(B21=5,3000,IF(B21=6,2000,IF(B21=7,1400,IF(B21=8,900,IF(B21=9,500,IF(B21=10,200,0)))))))))) -> 8000 | E21: =IF(B21=1,30,IF(B21=2,60,IF(B21=3,90,IF(B21=4,120,IF(B21=5,240,IF(B21=6,360,IF(B21=7,480,IF(B21=8,600,IF(B21=9,840,IF(B21=10,1080,0)))))))))) -> 60 | F21: =VLOOKUP(IF(B21=1,RANDBETWEEN(1,40),IF(B21=2,RANDBETWEEN(1,40),IF(B21=3,RANDBETWEEN(1,40),IF(B21=4,RANDBETWEEN(101,140),IF(B21=5,RANDBETWEEN(101,140),IF(B21=6,RANDBETWEEN(101,140),IF(B21=7,RANDBETWEEN(101,140),IF(B21=8,RANDBETWEEN(201,214),IF(B21=9,RANDBETWEEN(201,214),IF(B21=10,RANDBETWEEN(201,214),0)))))))))),Sheet2!$A$2:$D$95,4,FALSE) -> Pet_10320 | G21: 海岸守护：保护海岸免受侵袭，与海洋系啪嘟合作维持生态平衡。 | H21: =IF(B21=1,RANDBETWEEN(1,6)&","&RANDBETWEEN(1,6),IF(B21=2,RANDBETWEEN(1,6)&","&RANDBETWEEN(1,6),IF(B21=3,RANDBETWEEN(1,6)&","&RANDBETWEEN(1,6),IF(B21=4,RANDBETWEEN(1,6)&","&RANDBETWEEN(1,6)&","&RANDBETWEEN(1,6),IF(B21=5,RANDBETWEEN(1,6)&","&RANDBETWEEN(1,6)&","&RANDBETWEEN(1,6),IF(B21=6,RANDBETWEEN(1,6)&","&RANDBETWEEN(1,6)&","&RANDBETWEEN(1,6),IF(B21=7,RANDBETWEEN(1,6)&","&RANDBETWEEN(1,6)&","&RANDBETWEEN(1,6),IF(B21=8,RANDBETWEEN(1,6)&","&RANDBETWEEN(1,6)&","&RANDBETWEEN(1,6),IF(B21=9,RANDBETWEEN(1,6)&","&RANDBETWEEN(1,6)&","&RANDBETWEEN(1,6),IF(B21=10,RANDBETWEEN(1,6)&","&RANDBETWEEN(1,6)&","&RANDBETWEEN(1,6),0)))))))))) -> 4,4 | I21: =IF(B21=1,4000&","&4000,IF(B21=2,4000&","&4000,IF(B21=3,4000&","&4000,IF(B21=4,3000&","&3000&","&2000,IF(B21=5,3000&","&3000&","&2000,IF(B21=6,3000&","&3000&","&2000,IF(B21=7,3000&","&3000&","&2000,IF(B21=8,3000&","&2000&","&2000,IF(B21=9,2000&","&2000&","&2000,IF(B21=10,2000&","&2000&","&1000,0)))))))))) -> 4000,4000 | J21: =IF(B21=1,10000,IF(B21=2,20000,IF(B21=3,40000,IF(B21=4,80000,IF(B21=5,120000,IF(B21=6,200000,IF(B21=7,400000,IF(B21=8,800000,IF(B21=9,1200000,IF(B21=10,1500000,0)))))))))) -> 20000 | K21: 2000 | L21: 5 | M21: =VLOOKUP(B21,$N$5:$O$14,2,2) -> 1000,300000|10010110,5
A22: 19 | B22: 3 | C22: 2 | D22: =IF(B22=1,10000,IF(B22=2,8000,IF(B22=3,6000,IF(B22=4,4500,IF(B22=5,3000,IF(B22=6,2000,IF(B22=7,1400,IF(B22=8,900,IF(B22=9,500,IF(B22=10,200,0)))))))))) -> 6000 | E22: =IF(B22=1,30,IF(B22=2,60,IF(B22=3,90,IF(B22=4,120,IF(B22=5,240,IF(B22=6,360,IF(B22=7,480,IF(B22=8,600,IF(B22=9,840,IF(B22=10,1080,0)))))))))) -> 90 | F22: =VLOOKUP(IF(B22=1,RANDBETWEEN(1,40),IF(B22=2,RANDBETWEEN(1,40),IF(B22=3,RANDBETWEEN(1,40),IF(B22=4,RANDBETWEEN(101,140),IF(B22=5,RANDBETWEEN(101,140),IF(B22=6,RANDBETWEEN(101,140),IF(B22=7,RANDBETWEEN(101,140),IF(B22=8,RANDBETWEEN(201,214),IF(B22=9,RANDBETWEEN(201,214),IF(B22=10,RANDBETWEEN(201,214),0)))))))))),Sheet2!$A$2:$D$95,4,FALSE) -> Pet_10150 | G22: 海底城市：在沉没的城市中寻找遗迹，与海洋系啪嘟一起解开海底谜题。 | H22: =IF(B22=1,RANDBETWEEN(1,6)&","&RANDBETWEEN(1,6),IF(B22=2,RANDBETWEEN(1,6)&","&RANDBETWEEN(1,6),IF(B22=3,RANDBETWEEN(1,6)&","&RANDBETWEEN(1,6),IF(B22=4,RANDBETWEEN(1,6)&","&RANDBETWEEN(1,6)&","&RANDBETWEEN(1,6),IF(B22=5,RANDBETWEEN(1,6)&","&RANDBETWEEN(1,6)&","&RANDBETWEEN(1,6),IF(B22=6,RANDBETWEEN(1,6)&","&RANDBETWEEN(1,6)&","&RANDBETWEEN(1,6),IF(B22=7,RANDBETWEEN(1,6)&","&RANDBETWEEN(1,6)&","&RANDBETWEEN(1,6),IF(B22=8,RANDBETWEEN(1,6)&","&RANDBETWEEN(1,6)&","&RANDBETWEEN(1,6),IF(B22=9,RANDBETWEEN(1,6)&","&RANDBETWEEN(1,6)&","&RANDBETWEEN(1,6),IF(B22=10,RANDBETWEEN(1,6)&","&RANDBETWEEN(1,6)&","&RANDBETWEEN(1,6),0)))))))))) -> 4,3 | I22: =IF(B22=1,4000&","&4000,IF(B22=2,4000&","&4000,IF(B22=3,4000&","&4000,IF(B22=4,3000&","&3000&","&2000,IF(B22=5,3000&","&3000&","&2000,IF(B22=6,3000&","&3000&","&2000,IF(B22=7,3000&","&3000&","&2000,IF(B22=8,3000&","&2000&","&2000,IF(B22=9,2000&","&2000&","&2000,IF(B22=10,2000&","&2000&","&1000,0)))))))))) -> 4000,4000 | J22: =IF(B22=1,10000,IF(B22=2,20000,IF(B22=3,40000,IF(B22=4,80000,IF(B22=5,120000,IF(B22=6,200000,IF(B22=7,400000,IF(B22=8,800000,IF(B22=9,1200000,IF(B22=10,1500000,0)))))))))) -> 40000 | K22: 2000 | L22: 5 | M22: =VLOOKUP(B22,$N$5:$O$14,2,2) -> 1000,500000|10010030,5
A23: 20 | B23: 3 | C23: 2 | D23: =IF(B23=1,10000,IF(B23=2,8000,IF(B23=3,6000,IF(B23=4,4500,IF(B23=5,3000,IF(B23=6,2000,IF(B23=7,1400,IF(B23=8,900,IF(B23=9,500,IF(B23=10,200,0)))))))))) -> 6000 | E23: =IF(B23=1,30,IF(B23=2,60,IF(B23=3,90,IF(B23=4,120,IF(B23=5,240,IF(B23=6,360,IF(B23=7,480,IF(B23=8,600,IF(B23=9,840,IF(B23=10,1080,0)))))))))) -> 90 | F23: =VLOOKUP(IF(B23=1,RANDBETWEEN(1,40),IF(B23=2,RANDBETWEEN(1,40),IF(B23=3,RANDBETWEEN(1,40),IF(B23=4,RANDBETWEEN(101,140),IF(B23=5,RANDBETWEEN(101,140),IF(B23=6,RANDBETWEEN(101,140),IF(B23=7,RANDBETWEEN(101,140),IF(B23=8,RANDBETWEEN(201,214),IF(B23=9,RANDBETWEEN(201,214),IF(B23=10,RANDBETWEEN(201,214),0)))))))))),Sheet2!$A$2:$D$95,4,FALSE) -> Pet_10160 | G23: 黑暗峡谷：在黑暗峡谷中寻求光明，与黑暗系啪嘟共同面对未知的挑战。 | H23: =IF(B23=1,RANDBETWEEN(1,6)&","&RANDBETWEEN(1,6),IF(B23=2,RANDBETWEEN(1,6)&","&RANDBETWEEN(1,6),IF(B23=3,RANDBETWEEN(1,6)&","&RANDBETWEEN(1,6),IF(B23=4,RANDBETWEEN(1,6)&","&RANDBETWEEN(1,6)&","&RANDBETWEEN(1,6),IF(B23=5,RANDBETWEEN(1,6)&","&RANDBETWEEN(1,6)&","&RANDBETWEEN(1,6),IF(B23=6,RANDBETWEEN(1,6)&","&RANDBETWEEN(1,6)&","&RANDBETWEEN(1,6),IF(B23=7,RANDBETWEEN(1,6)&","&RANDBETWEEN(1,6)&","&RANDBETWEEN(1,6),IF(B23=8,RANDBETWEEN(1,6)&","&RANDBETWEEN(1,6)&","&RANDBETWEEN(1,6),IF(B23=9,RANDBETWEEN(1,6)&","&RANDBETWEEN(1,6)&","&RANDBETWEEN(1,6),IF(B23=10,RANDBETWEEN(1,6)&","&RANDBETWEEN(1,6)&","&RANDBETWEEN(1,6),0)))))))))) -> 6,6 | I23: =IF(B23=1,4000&","&4000,IF(B23=2,4000&","&4000,IF(B23=3,4000&","&4000,IF(B23=4,3000&","&3000&","&2000,IF(B23=5,3000&","&3000&","&2000,IF(B23=6,3000&","&3000&","&2000,IF(B23=7,3000&","&3000&","&2000,IF(B23=8,3000&","&2000&","&2000,IF(B23=9,2000&","&2000&","&2000,IF(B23=10,2000&","&2000&","&1000,0)))))))))) -> 4000,4000 | J23: =IF(B23=1,10000,IF(B23=2,20000,IF(B23=3,40000,IF(B23=4,80000,IF(B23=5,120000,IF(B23=6,200000,IF(B23=7,400000,IF(B23=8,800000,IF(B23=9,1200000,IF(B23=10,1500000,0)))))))))) -> 40000 | K23: 2000 | L23: 5 | M23: =VLOOKUP(B23,$N$5:$O$14,2,2) -> 1000,500000|10010030,5
A24: 21 | B24: 3 | C24: 2 | D24: =IF(B24=1,10000,IF(B24=2,8000,IF(B24=3,6000,IF(B24=4,4500,IF(B24=5,3000,IF(B24=6,2000,IF(B24=7,1400,IF(B24=8,900,IF(B24=9,500,IF(B24=10,200,0)))))))))) -> 6000 | E24: =IF(B24=1,30,IF(B24=2,60,IF(B24=3,90,IF(B24=4,120,IF(B24=5,240,IF(B24=6,360,IF(B24=7,480,IF(B24=8,600,IF(B24=9,840,IF(B24=10,1080,0)))))))))) -> 90 | F24: =VLOOKUP(IF(B24=1,RANDBETWEEN(1,40),IF(B24=2,RANDBETWEEN(1,40),IF(B24=3,RANDBETWEEN(1,40),IF(B24=4,RANDBETWEEN(101,140),IF(B24=5,RANDBETWEEN(101,140),IF(B24=6,RANDBETWEEN(101,140),IF(B24=7,RANDBETWEEN(101,140),IF(B24=8,RANDBETWEEN(201,214),IF(B24=9,RANDBETWEEN(201,214),IF(B24=10,RANDBETWEEN(201,214),0)))))))))),Sheet2!$A$2:$D$95,4,FALSE) -> Pet_10090 | G24: 黑暗仪式：阻止黑暗仪式的进行，保护村庄不受诅咒的侵袭，与光系啪嘟合作。 | H24: =IF(B24=1,RANDBETWEEN(1,6)&","&RANDBETWEEN(1,6),IF(B24=2,RANDBETWEEN(1,6)&","&RANDBETWEEN(1,6),IF(B24=3,RANDBETWEEN(1,6)&","&RANDBETWEEN(1,6),IF(B24=4,RANDBETWEEN(1,6)&","&RANDBETWEEN(1,6)&","&RANDBETWEEN(1,6),IF(B24=5,RANDBETWEEN(1,6)&","&RANDBETWEEN(1,6)&","&RANDBETWEEN(1,6),IF(B24=6,RANDBETWEEN(1,6)&","&RANDBETWEEN(1,6)&","&RANDBETWEEN(1,6),IF(B24=7,RANDBETWEEN(1,6)&","&RANDBETWEEN(1,6)&","&RANDBETWEEN(1,6),IF(B24=8,RANDBETWEEN(1,6)&","&RANDBETWEEN(1,6)&","&RANDBETWEEN(1,6),IF(B24=9,RANDBETWEEN(1,6)&","&RANDBETWEEN(1,6)&","&RANDBETWEEN(1,6),IF(B24=10,RANDBETWEEN(1,6)&","&RANDBETWEEN(1,6)&","&RANDBETWEEN(1,6),0)))))))))) -> 6,1 | I24: =IF(B24=1,4000&","&4000,IF(B24=2,4000&","&4000,IF(B24=3,4000&","&4000,IF(B24=4,3000&","&3000&","&2000,IF(B24=5,3000&","&3000&","&2000,IF(B24=6,3000&","&3000&","&2000,IF(B24=7,3000&","&3000&","&2000,IF(B24=8,3000&","&2000&","&2000,IF(B24=9,2000&","&2000&","&2000,IF(B24=10,2000&","&2000&","&1000,0)))))))))) -> 4000,4000 | J24: =IF(B24=1,10000,IF(B24=2,20000,IF(B24=3,40000,IF(B24=4,80000,IF(B24=5,120000,IF(B24=6,200000,IF(B24=7,400000,IF(B24=8,800000,IF(B24=9,1200000,IF(B24=10,1500000,0)))))))))) -> 40000 | K24: 2000 | L24: 5 | M24: =VLOOKUP(B24,$N$5:$O$14,2,2) -> 1000,500000|10010030,5
A25: 22 | B25: 4 | C25: 2 | D25: =IF(B25=1,10000,IF(B25=2,8000,IF(B25=3,6000,IF(B25=4,4500,IF(B25=5,3000,IF(B25=6,2000,IF(B25=7,1400,IF(B25=8,900,IF(B25=9,500,IF(B25=10,200,0)))))))))) -> 4500 | E25: =IF(B25=1,30,IF(B25=2,60,IF(B25=3,90,IF(B25=4,120,IF(B25=5,240,IF(B25=6,360,IF(B25=7,480,IF(B25=8,600,IF(B25=9,840,IF(B25=10,1080,0)))))))))) -> 120 | F25: =VLOOKUP(IF(B25=1,RANDBETWEEN(1,40),IF(B25=2,RANDBETWEEN(1,40),IF(B25=3,RANDBETWEEN(1,40),IF(B25=4,RANDBETWEEN(101,140),IF(B25=5,RANDBETWEEN(101,140),IF(B25=6,RANDBETWEEN(101,140),IF(B25=7,RANDBETWEEN(101,140),IF(B25=8,RANDBETWEEN(201,214),IF(B25=9,RANDBETWEEN(201,214),IF(B25=10,RANDBETWEEN(201,214),0)))))))))),Sheet2!$A$2:$D$95,4,FALSE) -> Pet_10391 | G25: 黑暗仪式：阻止黑暗仪式的进行，保护村庄不受诅咒的侵袭，与光系啪嘟合作。 | H25: =IF(B25=1,RANDBETWEEN(1,6)&","&RANDBETWEEN(1,6),IF(B25=2,RANDBETWEEN(1,6)&","&RANDBETWEEN(1,6),IF(B25=3,RANDBETWEEN(1,6)&","&RANDBETWEEN(1,6),IF(B25=4,RANDBETWEEN(1,6)&","&RANDBETWEEN(1,6)&","&RANDBETWEEN(1,6),IF(B25=5,RANDBETWEEN(1,6)&","&RANDBETWEEN(1,6)&","&RANDBETWEEN(1,6),IF(B25=6,RANDBETWEEN(1,6)&","&RANDBETWEEN(1,6)&","&RANDBETWEEN(1,6),IF(B25=7,RANDBETWEEN(1,6)&","&RANDBETWEEN(1,6)&","&RANDBETWEEN(1,6),IF(B25=8,RANDBETWEEN(1,6)&","&RANDBETWEEN(1,6)&","&RANDBETWEEN(1,6),IF(B25=9,RANDBETWEEN(1,6)&","&RANDBETWEEN(1,6)&","&RANDBETWEEN(1,6),IF(B25=10,RANDBETWEEN(1,6)&","&RANDBETWEEN(1,6)&","&RANDBETWEEN(1,6),0)))))))))) -> 5,2,3 | I25: =IF(B25=1,4000&","&4000,IF(B25=2,4000&","&4000,IF(B25=3,4000&","&4000,IF(B25=4,3000&","&3000&","&2000,IF(B25=5,3000&","&3000&","&2000,IF(B25=6,3000&","&3000&","&2000,IF(B25=7,3000&","&3000&","&2000,IF(B25=8,3000&","&2000&","&2000,IF(B25=9,2000&","&2000&","&2000,IF(B25=10,2000&","&2000&","&1000,0)))))))))) -> 3000,3000,2000 | J25: =IF(B25=1,10000,IF(B25=2,20000,IF(B25=3,40000,IF(B25=4,80000,IF(B25=5,120000,IF(B25=6,200000,IF(B25=7,400000,IF(B25=8,800000,IF(B25=9,1200000,IF(B25=10,1500000,0)))))))))) -> 80000 | K25: 2000 | L25: 5 | M25: =VLOOKUP(B25,$N$5:$O$14,2,2) -> 1000,1000000|10010020,5|10010120,5
A26: 23 | B26: 4 | C26: 2 | D26: =IF(B26=1,10000,IF(B26=2,8000,IF(B26=3,6000,IF(B26=4,4500,IF(B26=5,3000,IF(B26=6,2000,IF(B26=7,1400,IF(B26=8,900,IF(B26=9,500,IF(B26=10,200,0)))))))))) -> 4500 | E26: =IF(B26=1,30,IF(B26=2,60,IF(B26=3,90,IF(B26=4,120,IF(B26=5,240,IF(B26=6,360,IF(B26=7,480,IF(B26=8,600,IF(B26=9,840,IF(B26=10,1080,0)))))))))) -> 120 | F26: =VLOOKUP(IF(B26=1,RANDBETWEEN(1,40),IF(B26=2,RANDBETWEEN(1,40),IF(B26=3,RANDBETWEEN(1,40),IF(B26=4,RANDBETWEEN(101,140),IF(B26=5,RANDBETWEEN(101,140),IF(B26=6,RANDBETWEEN(101,140),IF(B26=7,RANDBETWEEN(101,140),IF(B26=8,RANDBETWEEN(201,214),IF(B26=9,RANDBETWEEN(201,214),IF(B26=10,RANDBETWEEN(201,214),0)))))))))),Sheet2!$A$2:$D$95,4,FALSE) -> Pet_10171 | G26: 黑暗之门：阻止黑暗之门的开启，保护世界不受侵扰，与光系啪嘟合作。 | H26: =IF(B26=1,RANDBETWEEN(1,6)&","&RANDBETWEEN(1,6),IF(B26=2,RANDBETWEEN(1,6)&","&RANDBETWEEN(1,6),IF(B26=3,RANDBETWEEN(1,6)&","&RANDBETWEEN(1,6),IF(B26=4,RANDBETWEEN(1,6)&","&RANDBETWEEN(1,6)&","&RANDBETWEEN(1,6),IF(B26=5,RANDBETWEEN(1,6)&","&RANDBETWEEN(1,6)&","&RANDBETWEEN(1,6),IF(B26=6,RANDBETWEEN(1,6)&","&RANDBETWEEN(1,6)&","&RANDBETWEEN(1,6),IF(B26=7,RANDBETWEEN(1,6)&","&RANDBETWEEN(1,6)&","&RANDBETWEEN(1,6),IF(B26=8,RANDBETWEEN(1,6)&","&RANDBETWEEN(1,6)&","&RANDBETWEEN(1,6),IF(B26=9,RANDBETWEEN(1,6)&","&RANDBETWEEN(1,6)&","&RANDBETWEEN(1,6),IF(B26=10,RANDBETWEEN(1,6)&","&RANDBETWEEN(1,6)&","&RANDBETWEEN(1,6),0)))))))))) -> 1,5,3 | I26: =IF(B26=1,4000&","&4000,IF(B26=2,4000&","&4000,IF(B26=3,4000&","&4000,IF(B26=4,3000&","&3000&","&2000,IF(B26=5,3000&","&3000&","&2000,IF(B26=6,3000&","&3000&","&2000,IF(B26=7,3000&","&3000&","&2000,IF(B26=8,3000&","&2000&","&2000,IF(B26=9,2000&","&2000&","&2000,IF(B26=10,2000&","&2000&","&1000,0)))))))))) -> 3000,3000,2000 | J26: =IF(B26=1,10000,IF(B26=2,20000,IF(B26=3,40000,IF(B26=4,80000,IF(B26=5,120000,IF(B26=6,200000,IF(B26=7,400000,IF(B26=8,800000,IF(B26=9,1200000,IF(B26=10,1500000,0)))))))))) -> 80000 | K26: 2000 | L26: 5 | M26: =VLOOKUP(B26,$N$5:$O$14,2,2) -> 1000,1000000|10010020,5|10010120,5
... A186: 183 | B186: 7 | C186: 10 | D186: =IF(B186=1,10000,IF(B186=2,8000,IF(B186=3,6000,IF(B186=4,4500,IF(B186=5,3000,IF(B186=6,2000,IF(B186=7,1400,IF(B186=8,900,IF(B186=9,500,IF(B186=10,200,0)))))))))) -> 1400 | E186: =IF(B186=1,30,IF(B186=2,60,IF(B186=3,90,IF(B186=4,120,IF(B186=5,240,IF(B186=6,360,IF(B186=7,480,IF(B186=8,600,IF(B186=9,840,IF(B186=10,1080,0)))))))))) -> 480 | F186: =VLOOKUP(IF(B186=1,RANDBETWEEN(1,40),IF(B186=2,RANDBETWEEN(1,40),IF(B186=3,RANDBETWEEN(1,40),IF(B186=4,RANDBETWEEN(101,140),IF(B186=5,RANDBETWEEN(101,140),IF(B186=6,RANDBETWEEN(101,140),IF(B186=7,RANDBETWEEN(101,140),IF(B186=8,RANDBETWEEN(201,214),IF(B186=9,RANDBETWEEN(201,214),IF(B186=10,RANDBETWEEN(201,214),0)))))))))),Sheet2!$A$2:$D$95,4,FALSE) -> Pet_10621 | G186: 幽灵列车：搭乘神秘的幽灵列车，解开列车上的谜团，与灵异生物共存。 | H186: =IF(B186=1,RANDBETWEEN(1,6)&","&RANDBETWEEN(1,6),IF(B186=2,RANDBETWEEN(1,6)&","&RANDBETWEEN(1,6),IF(B186=3,RANDBETWEEN(1,6)&","&RANDBETWEEN(1,6),IF(B186=4,RANDBETWEEN(1,6)&","&RANDBETWEEN(1,6)&","&RANDBETWEEN(1,6),IF(B186=5,RANDBETWEEN(1,6)&","&RANDBETWEEN(1,6)&","&RANDBETWEEN(1,6),IF(B186=6,RANDBETWEEN(1,6)&","&RANDBETWEEN(1,6)&","&RANDBETWEEN(1,6),IF(B186=7,RANDBETWEEN(1,6)&","&RANDBETWEEN(1,6)&","&RANDBETWEEN(1,6),IF(B186=8,RANDBETWEEN(1,6)&","&RANDBETWEEN(1,6)&","&RANDBETWEEN(1,6),IF(B186=9,RANDBETWEEN(1,6)&","&RANDBETWEEN(1,6)&","&RANDBETWEEN(1,6),IF(B186=10,RANDBETWEEN(1,6)&","&RANDBETWEEN(1,6)&","&RANDBETWEEN(1,6),0)))))))))) -> 1,2,6 | I186: =IF(B186=1,4000&","&4000,IF(B186=2,4000&","&4000,IF(B186=3,4000&","&4000,IF(B186=4,3000&","&3000&","&2000,IF(B186=5,3000&","&3000&","&2000,IF(B186=6,3000&","&3000&","&2000,IF(B186=7,3000&","&3000&","&2000,IF(B186=8,3000&","&2000&","&2000,IF(B186=9,2000&","&2000&","&2000,IF(B186=10,2000&","&2000&","&1000,0)))))))))) -> 3000,3000,2000 | J186: =IF(B186=1,10000,IF(B186=2,20000,IF(B186=3,40000,IF(B186=4,80000,IF(B186=5,120000,IF(B186=6,200000,IF(B186=7,400000,IF(B186=8,800000,IF(B186=9,1200000,IF(B186=10,1500000,0)))))))))) -> 400000 | K186: 2000 | L186: 5 | M186: =VLOOKUP(B186,$N$5:$O$14,2,2) -> 1000,10000000|10020330,1
