Workbook

Sheet Sheet1
A1: Id | B1: Hero | C1: SkillName_Note | D1: SkillName | E1: SkillLevel | F1: SkillDamage | G1: SkillGem | H1: Gold
A2: Int | B2: Int | C2: string | D2: string | E2: Int | F2: Int | G2: Int | H2: int
A3: 序ID | B3: 角色ID | C3: <c>角色技能名称 | D3: 角色技能名称 | E3: 技能等级 | F3: 技能伤害 | G3: 强化石消耗 | H3: 金币消耗
A4: 1001 | B4: 20001 | C4: 嘟里奥 | D4: Hero_Name_20001 | E4: 1 | F4: 16666.667 | G4: 0 | H4: 0
A5: 1002 | B5: 20001 | C5: 嘟里奥 | D5: Hero_Name_20001 | E5: 2 | F5: 374.66667 | G5: =VLOOKUP(E4:E203,[1]技能强化石!$A$14:$I$212,4,2) -> 2 | H5: =VLOOKUP(E4:E203,[1]技能强化石!$A$14:$I$212,9,2) -> 4000
A6: 1003 | B6: 20001 | C6: 嘟里奥 | D6: Hero_Name_20001 | E6: 3 | F6: 374.66667 | G6: =VLOOKUP(E5:E204,[1]技能强化石!$A$14:$I$212,4,2) -> 2 | H6: =VLOOKUP(E5:E204,[1]技能强化石!$A$14:$I$212,9,2) -> 8000
A7: 1004 | B7: 20001 | C7: 嘟里奥 | D7: Hero_Name_20001 | E7: 4 | F7: 374.66667 | G7: =VLOOKUP(E6:E205,[1]技能强化石!$A$14:$I$212,4,2) -> 2 | H7: =VLOOKUP(E6:E205,[1]技能强化石!$A$14:$I$212,9,2) -> 11000
A8: 1005 | B8: 20001 | C8: 嘟里奥 | D8: Hero_Name_20001 | E8: 5 | F8: 374.66667 | G8: =VLOOKUP(E7:E206,[1]技能强化石!$A$14:$I$212,4,2) -> 2 | H8: =VLOOKUP(E7:E206,[1]技能强化石!$A$14:$I$212,9,2) -> 15000
A9: 1006 | B9: 20001 | C9: 嘟里奥 | D9: Hero_Name_20001 | E9: 6 | F9: 374.66667 | G9: =VLOOKUP(E8:E207,[1]技能强化石!$A$14:$I$212,4,2) -> 2 | H9: =VLOOKUP(E8:E207,[1]技能强化石!$A$14:$I$212,9,2) -> 19000
A10: 1007 | B10: 20001 | C10: 嘟里奥 | D10: Hero_Name_20001 | E10: 7 | F10: 374.66667 | G10: =VLOOKUP(E9:E208,[1]技能强化石!$A$14:$I$212,4,2) -> 2 | H10: =VLOOKUP(E9:E208,[1]技能强化石!$A$14:$I$212,9,2) -> 23000
A11: 1008 | B11: 20001 | C11: 嘟里奥 | D11: Hero_Name_20001 | E11: 8 | F11: 374.66667 | G11: =VLOOKUP(E10:E209,[1]技能强化石!$A$14:$I$212,4,2) -> 2 | H11: =VLOOKUP(E10:E209,[1]技能强化石!$A$14:$I$212,9,2) -> 26000
A12: 1009 | B12: 20001 | C12: 嘟里奥 | D12: Hero_Name_20001 | E12: 9 | F12: 374.66667 | G12: =VLOOKUP(E11:E210,[1]技能强化石!$A$14:$I$212,4,2) -> 2 | H12: =VLOOKUP(E11:E210,[1]技能强化石!$A$14:$I$212,9,2) -> 30000
A13: 1010 | B13: 20001 | C13: 嘟里奥 | D13: Hero_Name_20001 | E13: 10 | F13: 374.66667 | G13: =VLOOKUP(E12:E211,[1]技能强化石!$A$14:$I$212,4,2) -> 2 | H13: =VLOOKUP(E12:E211,[1]技能强化石!$A$14:$I$212,9,2) -> 34000
A14: 1011 | B14: 20001 | C14: 嘟里奥 | D14: Hero_Name_20001 | E14: 11 | F14: 374.66667 | G14: =VLOOKUP(E13:E212,[1]技能强化石!$A$14:$I$212,4,2) -> 2 | H14: =VLOOKUP(E13:E212,[1]技能强化石!$A$14:$I$212,9,2) -> 38000
A15: 1012 | B15: 20001 | C15: 嘟里奥 | D15: Hero_Name_20001 | E15: 12 | F15: 374.66667 | G15: =VLOOKUP(E14:E213,[1]技能强化石!$A$14:$I$212,4,2) -> 2 | H15: =VLOOKUP(E14:E213,[1]技能强化石!$A$14:$I$212,9,2) -> 42000
A16: 1013 | B16: 20001 | C16: 嘟里奥 | D16: Hero_Name_20001 | E16: 13 | F16: 374.66667 | G16: =VLOOKUP(E15:E214,[1]技能强化石!$A$14:$I$212,4,2) -> 2 | H16: =VLOOKUP(E15:E214,[1]技能强化石!$A$14:$I$212,9,2) -> 45000
... A203: 1200 | B203: 20001 | C203: 嘟里奥 | D203: Hero_Name_20001 | E203: 200 | F203: 374.66667 | G203: =VLOOKUP(E202:E401,[1]技能强化石!$A$14:$I$212,4,2) -> 19 | H203: =VLOOKUP(E202:E401,[1]技能强化石!$A$14:$I$212,9,2) -> 751000
A204: 1201 | B204: 20011 | C204: 嘟小龙 | D204: Hero_Name_20011 | E204: 1 | F204: 62500 | G204: =G4 -> 0 | H204: =H4 -> 0
A205: 1202 | B205: 20011 | C205: 嘟小龙 | D205: Hero_Name_20011 | E205: 2 | F205: 1405 | G205: =G5 -> 2 | H205: =H5 -> 4000
A206: 1203 | B206: 20011 | C206: 嘟小龙 | D206: Hero_Name_20011 | E206: 3 | F206: 1405 | G206: =G6 -> 2 | H206: =H6 -> 8000
A207: 1204 | B207: 20011 | C207: 嘟小龙 | D207: Hero_Name_20011 | E207: 4 | F207: 1405 | G207: =G7 -> 2 | H207: =H7 -> 11000
A208: 1205 | B208: 20011 | C208: 嘟小龙 | D208: Hero_Name_20011 | E208: 5 | F208: 1405 | G208: =G8 -> 2 | H208: =H8 -> 15000
A209: 1206 | B209: 20011 | C209: 嘟小龙 | D209: Hero_Name_20011 | E209: 6 | F209: 1405 | G209: =G9 -> 2 | H209: =H9 -> 19000
A210: 1207 | B210: 20011 | C210: 嘟小龙 | D210: Hero_Name_20011 | E210: 7 | F210: 1405 | G210: =G10 -> 2 | H210: =H10 -> 23000
A211: 1208 | B211: 20011 | C211: 嘟小龙 | D211: Hero_Name_20011 | E211: 8 | F211: 1405 | G211: =G11 -> 2 | H211: =H11 -> 26000
A212: 1209 | B212: 20011 | C212: 嘟小龙 | D212: Hero_Name_20011 | E212: 9 | F212: 1405 | G212: =G12 -> 2 | H212: =H12 -> 30000
A213: 1210 | B213: 20011 | C213: 嘟小龙 | D213: Hero_Name_20011 | E213: 10 | F213: 1405 | G213: =G13 -> 2 | H213: =H13 -> 34000
A214: 1211 | B214: 20011 | C214: 嘟小龙 | D214: Hero_Name_20011 | E214: 11 | F214: 1405 | G214: =G14 -> 2 | H214: =H14 -> 38000
A215: 1212 | B215: 20011 | C215: 嘟小龙 | D215: Hero_Name_20011 | E215: 12 | F215: 1405 | G215: =G15 -> 2 | H215: =H15 -> 42000
... A403: 1400 | B403: 20011 | C403: 嘟小龙 | D403: Hero_Name_20011 | E403: 200 | F403: 1405 | G403: =G203 -> 19 | H403: =H203 -> 751000
A404: 1401 | B404: =B204+10 -> 20021 | C404: 哈利王子 | D404: Hero_Name_20021 | E404: 1 | F404: 33333.333 | G404: =G204 -> 0 | H404: =H204 -> 0
A405: 1402 | B405: =B205+10 -> 20021 | C405: 哈利王子 | D405: Hero_Name_20021 | E405: 2 | F405: 749.33333 | G405: =G205 -> 2 | H405: =H205 -> 4000
A406: 1403 | B406: =B206+10 -> 20021 | C406: 哈利王子 | D406: Hero_Name_20021 | E406: 3 | F406: 749.33333 | G406: =G206 -> 2 | H406: =H206 -> 8000
A407: 1404 | B407: =B207+10 -> 20021 | C407: 哈利王子 | D407: Hero_Name_20021 | E407: 4 | F407: 749.33333 | G407: =G207 -> 2 | H407: =H207 -> 11000
A408: 1405 | B408: =B208+10 -> 20021 | C408: 哈利王子 | D408: Hero_Name_20021 | E408: 5 | F408: 749.33333 | G408: =G208 -> 2 | H408: =H208 -> 15000
A409: 1406 | B409: =B209+10 -> 20021 | C409: 哈利王子 | D409: Hero_Name_20021 | E409: 6 | F409: 749.33333 | G409: =G209 -> 2 | H409: =H209 -> 19000
A410: 1407 | B410: =B210+10 -> 20021 | C410: 哈利王子 | D410: Hero_Name_20021 | E410: 7 | F410: 749.33333 | G410: =G210 -> 2 | H410: =H210 -> 23000
A411: 1408 | B411: =B211+10 -> 20021 | C411: 哈利王子 | D411: Hero_Name_20021 | E411: 8 | F411: 749.33333 | G411: =G211 -> 2 | H411: =H211 -> 26000
A412: 1409 | B412: =B212+10 -> 20021 | C412: 哈利王子 | D412: Hero_Name_20021 | E412: 9 | F412: 749.33333 | G412: =G212 -> 2 | H412: =H212 -> 30000
A413: 1410 | B413: =B213+10 -> 20021 | C413: 哈利王子 | D413: Hero_Name_20021 | E413: 10 | F413: 749.33333 | G413: =G213 -> 2 | H413: =H213 -> 34000
A414: 1411 | B414: =B214+10 -> 20021 | C414: 哈利王子 | D414: Hero_Name_20021 | E414: 11 | F414: 749.33333 | G414: =G214 -> 2 | H414: =H214 -> 38000
A415: 1412 | B415: =B215+10 -> 20021 | C415: 哈利王子 | D415: Hero_Name_20021 | E415: 12 | F415: 749.33333 | G415: =G215 -> 2 | H415: =H215 -> 42000
... A603: 1600 | B603: =B403+10 -> 20021 | C603: 哈利王子 | D603: Hero_Name_20021 | E603: 200 | F603: 749.33333 | G603: =G403 -> 19 | H603: =H403 -> 751000
A604: 1601 | B604: =B404+1 -> 20022 | C604: 雷神 | D604: Hero_Name_20022 | E604: 1 | F604: 137500 | G604: =G404 -> 0 | H604: =H404 -> 0
A605: 1602 | B605: =B604 -> 20022 | C605: 雷神 | D605: Hero_Name_20022 | E605: 2 | F605: 3091 | G605: =G405 -> 2 | H605: =H405 -> 4000
A606: 1603 | B606: =B605 -> 20022 | C606: 雷神 | D606: Hero_Name_20022 | E606: 3 | F606: 3091 | G606: =G406 -> 2 | H606: =H406 -> 8000
A607: 1604 | B607: =B606 -> 20022 | C607: 雷神 | D607: Hero_Name_20022 | E607: 4 | F607: 3091 | G607: =G407 -> 2 | H607: =H407 -> 11000
A608: 1605 | B608: =B607 -> 20022 | C608: 雷神 | D608: Hero_Name_20022 | E608: 5 | F608: 3091 | G608: =G408 -> 2 | H608: =H408 -> 15000
A609: 1606 | B609: =B608 -> 20022 | C609: 雷神 | D609: Hero_Name_20022 | E609: 6 | F609: 3091 | G609: =G409 -> 2 | H609: =H409 -> 19000
A610: 1607 | B610: =B609 -> 20022 | C610: 雷神 | D610: Hero_Name_20022 | E610: 7 | F610: 3091 | G610: =G410 -> 2 | H610: =H410 -> 23000
A611: 1608 | B611: =B610 -> 20022 | C611: 雷神 | D611: Hero_Name_20022 | E611: 8 | F611: 3091 | G611: =G411 -> 2 | H611: =H411 -> 26000
A612: 1609 | B612: =B611 -> 20022 | C612: 雷神 | D612: Hero_Name_20022 | E612: 9 | F612: 3091 | G612: =G412 -> 2 | H612: =H412 -> 30000
A613: 1610 | B613: =B612 -> 20022 | C613: 雷神 | D613: Hero_Name_20022 | E613: 10 | F613: 3091 | G613: =G413 -> 2 | H613: =H413 -> 34000
A614: 1611 | B614: =B613 -> 20022 | C614: 雷神 | D614: Hero_Name_20022 | E614: 11 | F614: 3091 | G614: =G414 -> 2 | H614: =H414 -> 38000
A615: 1612 | B615: =B614 -> 20022 | C615: 雷神 | D615: Hero_Name_20022 | E615: 12 | F615: 3091 | G615: =G415 -> 2 | H615: =H415 -> 42000
A616: 1613 | B616: =B615 -> 20022 | C616: 雷神 | D616: Hero_Name_20022 | E616: 13 | F616: 3091 | G616: =G416 -> 2 | H616: =H416 -> 45000
... A803: 1800 | B803: =B802 -> 20022 | C803: 雷神 | D803: Hero_Name_20022 | E803: 200 | F803: 3091 | G803: =G603 -> 19 | H803: =H603 -> 751000
A804: 1801 | B804: 20023 | C804: 厨神 | D804: Hero_Name_20023 | E804: 1 | F804: 43750 | G804: =G604 -> 0 | H804: =H604 -> 0
A805: 1802 | B805: =B804 -> 20023 | C805: 厨神 | D805: Hero_Name_20023 | E805: 2 | F805: 983.5 | G805: =G605 -> 2 | H805: =H605 -> 4000
A806: 1803 | B806: =B805 -> 20023 | C806: 厨神 | D806: Hero_Name_20023 | E806: 3 | F806: 983.5 | G806: =G606 -> 2 | H806: =H606 -> 8000
A807: 1804 | B807: =B806 -> 20023 | C807: 厨神 | D807: Hero_Name_20023 | E807: 4 | F807: 983.5 | G807: =G607 -> 2 | H807: =H607 -> 11000
A808: 1805 | B808: =B807 -> 20023 | C808: 厨神 | D808: Hero_Name_20023 | E808: 5 | F808: 983.5 | G808: =G608 -> 2 | H808: =H608 -> 15000
A809: 1806 | B809: =B808 -> 20023 | C809: 厨神 | D809: Hero_Name_20023 | E809: 6 | F809: 983.5 | G809: =G609 -> 2 | H809: =H609 -> 19000
A810: 1807 | B810: =B809 -> 20023 | C810: 厨神 | D810: Hero_Name_20023 | E810: 7 | F810: 983.5 | G810: =G610 -> 2 | H810: =H610 -> 23000
A811: 1808 | B811: =B810 -> 20023 | C811: 厨神 | D811: Hero_Name_20023 | E811: 8 | F811: 983.5 | G811: =G611 -> 2 | H811: =H611 -> 26000
A812: 1809 | B812: =B811 -> 20023 | C812: 厨神 | D812: Hero_Name_20023 | E812: 9 | F812: 983.5 | G812: =G612 -> 2 | H812: =H612 -> 30000
A813: 1810 | B813: =B812 -> 20023 | C813: 厨神 | D813: Hero_Name_20023 | E813: 10 | F813: 983.5 | G813: =G613 -> 2 | H813: =H613 -> 34000
A814: 1811 | B814: =B813 -> 20023 | C814: 厨神 | D814: Hero_Name_20023 | E814: 11 | F814: 983.5 | G814: =G614 -> 2 | H814: =H614 -> 38000
A815: 1812 | B815: =B814 -> 20023 | C815: 厨神 | D815: Hero_Name_20023 | E815: 12 | F815: 983.5 | G815: =G615 -> 2 | H815: =H615 -> 42000
A816: 1813 | B816: =B815 -> 20023 | C816: 厨神 | D816: Hero_Name_20023 | E816: 13 | F816: 983.5 | G816: =G616 -> 2 | H816: =H616 -> 45000
... A1003: 2000 | B1003: =B1002 -> 20023 | C1003: 厨神 | D1003: Hero_Name_20023 | E1003: 200 | F1003: 983.5 | G1003: =G803 -> 19 | H1003: =H803 -> 751000
A1004: 2001 | B1004: =B404+10 -> 20031 | C1004: 地狱公爵 | D1004: Hero_Name_20031 | E1004: 1 | F1004: 13750 | G1004: =G804 -> 0 | H1004: =H804 -> 0
A1005: 2002 | B1005: =B405+10 -> 20031 | C1005: 地狱公爵 | D1005: Hero_Name_20031 | E1005: 2 | F1005: 618.75 | G1005: =G805 -> 2 | H1005: =H805 -> 4000
A1006: 2003 | B1006: =B406+10 -> 20031 | C1006: 地狱公爵 | D1006: Hero_Name_20031 | E1006: 3 | F1006: 618.75 | G1006: =G806 -> 2 | H1006: =H806 -> 8000
A1007: 2004 | B1007: =B407+10 -> 20031 | C1007: 地狱公爵 | D1007: Hero_Name_20031 | E1007: 4 | F1007: 618.75 | G1007: =G807 -> 2 | H1007: =H807 -> 11000
A1008: 2005 | B1008: =B408+10 -> 20031 | C1008: 地狱公爵 | D1008: Hero_Name_20031 | E1008: 5 | F1008: 618.75 | G1008: =G808 -> 2 | H1008: =H808 -> 15000
A1009: 2006 | B1009: =B409+10 -> 20031 | C1009: 地狱公爵 | D1009: Hero_Name_20031 | E1009: 6 | F1009: 618.75 | G1009: =G809 -> 2 | H1009: =H809 -> 19000
A1010: 2007 | B1010: =B410+10 -> 20031 | C1010: 地狱公爵 | D1010: Hero_Name_20031 | E1010: 7 | F1010: 618.75 | G1010: =G810 -> 2 | H1010: =H810 -> 23000
A1011: 2008 | B1011: =B411+10 -> 20031 | C1011: 地狱公爵 | D1011: Hero_Name_20031 | E1011: 8 | F1011: 618.75 | G1011: =G811 -> 2 | H1011: =H811 -> 26000
A1012: 2009 | B1012: =B412+10 -> 20031 | C1012: 地狱公爵 | D1012: Hero_Name_20031 | E1012: 9 | F1012: 618.75 | G1012: =G812 -> 2 | H1012: =H812 -> 30000
A1013: 2010 | B1013: =B413+10 -> 20031 | C1013: 地狱公爵 | D1013: Hero_Name_20031 | E1013: 10 | F1013: 618.75 | G1013: =G813 -> 2 | H1013: =H813 -> 34000
A1014: 2011 | B1014: =B414+10 -> 20031 | C1014: 地狱公爵 | D1014: Hero_Name_20031 | E1014: 11 | F1014: 618.75 | G1014: =G814 -> 2 | H1014: =H814 -> 38000
A1015: 2012 | B1015: =B415+10 -> 20031 | C1015: 地狱公爵 | D1015: Hero_Name_20031 | E1015: 12 | F1015: 618.75 | G1015: =G815 -> 2 | H1015: =H815 -> 42000
... A1203: 2200 | B1203: =B603+10 -> 20031 | C1203: 地狱公爵 | D1203: Hero_Name_20031 | E1203: 200 | F1203: 618.75 | G1203: =G1003 -> 19 | H1203: =H1003 -> 751000
A1204: 2201 | B1204: =B1004+1 -> 20032 | C1204: 科学怪人 | D1204: Hero_Name_20032 | E1204: 1 | F1204: 62500 | G1204: =G1004 -> 0 | H1204: =H1004 -> 0
A1205: 2202 | B1205: =B1005+1 -> 20032 | C1205: 科学怪人 | D1205: Hero_Name_20032 | E1205: 2 | F1205: 2812.5 | G1205: =G1005 -> 2 | H1205: =H1005 -> 4000
A1206: 2203 | B1206: =B1006+1 -> 20032 | C1206: 科学怪人 | D1206: Hero_Name_20032 | E1206: 3 | F1206: 2812.5 | G1206: =G1006 -> 2 | H1206: =H1006 -> 8000
A1207: 2204 | B1207: =B1007+1 -> 20032 | C1207: 科学怪人 | D1207: Hero_Name_20032 | E1207: 4 | F1207: 2812.5 | G1207: =G1007 -> 2 | H1207: =H1007 -> 11000
A1208: 2205 | B1208: =B1008+1 -> 20032 | C1208: 科学怪人 | D1208: Hero_Name_20032 | E1208: 5 | F1208: 2812.5 | G1208: =G1008 -> 2 | H1208: =H1008 -> 15000
A1209: 2206 | B1209: =B1009+1 -> 20032 | C1209: 科学怪人 | D1209: Hero_Name_20032 | E1209: 6 | F1209: 2812.5 | G1209: =G1009 -> 2 | H1209: =H1009 -> 19000
A1210: 2207 | B1210: =B1010+1 -> 20032 | C1210: 科学怪人 | D1210: Hero_Name_20032 | E1210: 7 | F1210: 2812.5 | G1210: =G1010 -> 2 | H1210: =H1010 -> 23000
A1211: 2208 | B1211: =B1011+1 -> 20032 | C1211: 科学怪人 | D1211: Hero_Name_20032 | E1211: 8 | F1211: 2812.5 | G1211: =G1011 -> 2 | H1211: =H1011 -> 26000
A1212: 2209 | B1212: =B1012+1 -> 20032 | C1212: 科学怪人 | D1212: Hero_Name_20032 | E1212: 9 | F1212: 2812.5 | G1212: =G1012 -> 2 | H1212: =H1012 -> 30000
A1213: 2210 | B1213: =B1013+1 -> 20032 | C1213: 科学怪人 | D1213: Hero_Name_20032 | E1213: 10 | F1213: 2812.5 | G1213: =G1013 -> 2 | H1213: =H1013 -> 34000
A1214: 2211 | B1214: =B1014+1 -> 20032 | C1214: 科学怪人 | D1214: Hero_Name_20032 | E1214: 11 | F1214: 2812.5 | G1214: =G1014 -> 2 | H1214: =H1014 -> 38000
A1215: 2212 | B1215: =B1015+1 -> 20032 | C1215: 科学怪人 | D1215: Hero_Name_20032 | E1215: 12 | F1215: 2812.5 | G1215: =G1015 -> 2 | H1215: =H1015 -> 42000
... A1403: 2400 | B1403: =B1203+1 -> 20032 | C1403: 科学怪人 | D1403: Hero_Name_20032 | E1403: 200 | F1403: 2812.5 | G1403: =G1203 -> 19 | H1403: =H1203 -> 751000
A1404: 2601 | B1404: 20034 | C1404: 金刚郎 | D1404: Hero_Name_20034 | E1404: 1 | F1404: 5000 | G1404: =G1204 -> 0 | H1404: =H1204 -> 0
A1405: 2602 | B1405: 20034 | C1405: 金刚郎 | D1405: Hero_Name_20034 | E1405: 2 | F1405: 225 | G1405: =G1205 -> 2 | H1405: =H1205 -> 4000
A1406: 2603 | B1406: 20034 | C1406: 金刚郎 | D1406: Hero_Name_20034 | E1406: 3 | F1406: 225 | G1406: =G1206 -> 2 | H1406: =H1206 -> 8000
...

Sheet Sheet2

Sheet Sheet3
