Workbook

Sheet Sheet1
A1: Id | B1: ObjectType | C1: HeroType | D1: AttributesType | E1: AttributesID | F1: Doc | G1: Doc_Note | H1: SortID | I1: ShowID | J1: Remark_Note
A2: Int | B2: Int | C2: Int | D2: Int | E2: Int | F2: String | G2: String | H2: Int | I2: Int | J2: String
A3: 序ID | B3: 对象类型 | C3: 角色类型 | D3: 属性类型 | E3: 属性ID | F3: 属性面板描述 | G3: <C>属性面板描述 | H3: 排序ID | I3: 展示ID | J3: <c>备注属性名称
A4: 1001001 | B4: 1 | C4: 0 | D4: 1 | E4: =VLOOKUP(J4,Sheet2!A:C,3,FALSE) -> 4 | F4: ="AttrName_00"&E4 -> AttrName_004 | G4: =VLOOKUP(J4,Sheet2!A:C,2,FALSE) -> 生命 | H4: 2 | I4: 1 | J4: 生命值
A5: 1001002 | B5: 1 | C5: 0 | D5: 1 | E5: =VLOOKUP(J5,Sheet2!A:C,3,FALSE) -> 5 | F5: ="AttrName_00"&E5 -> AttrName_005 | G5: =VLOOKUP(J5,Sheet2!A:C,2,FALSE) -> 物御 | H5: 4 | I5: 1 | J5: 物理防御
A6: 1001003 | B6: 1 | C6: 0 | D6: 1 | E6: =VLOOKUP(J6,Sheet2!A:C,3,FALSE) -> 6 | F6: ="AttrName_00"&E6 -> AttrName_006 | G6: =VLOOKUP(J6,Sheet2!A:C,2,FALSE) -> 魔御 | H6: 6 | I6: 1 | J6: 魔法防御
A7: 1001004 | B7: 1 | C7: 0 | D7: 1 | E7: =VLOOKUP(J7,Sheet2!A:C,3,FALSE) -> 7 | F7: ="AttrName_00"&E7 -> AttrName_007 | G7: =VLOOKUP(J7,Sheet2!A:C,2,FALSE) -> 道御 | H7: 8 | I7: 1 | J7: 道术防御
A8: 1001005 | B8: 1 | C8: 0 | D8: 1 | E8: =VLOOKUP(J8,Sheet2!A:C,3,FALSE) -> 29 | F8: ="AttrName_0"&E8 -> AttrName_029 | G8: =VLOOKUP(J8,Sheet2!A:C,2,FALSE) -> 暴击 | H8: 5 | I8: 1 | J8: 暴击
A9: 1001006 | B9: 1 | C9: 0 | D9: 1 | E9: =VLOOKUP(J9,Sheet2!A:C,3,FALSE) -> 30 | F9: ="AttrName_0"&E9 -> AttrName_030 | G9: =VLOOKUP(J9,Sheet2!A:C,2,FALSE) -> 爆伤 | H9: 7 | I9: 1 | J9: 爆伤
A10: 1001007 | B10: 1 | C10: 0 | D10: 1 | E10: =VLOOKUP(J10,Sheet2!A:C,3,FALSE) -> 41 | F10: ="AttrName_0"&E10 -> AttrName_041 | G10: =VLOOKUP(J10,Sheet2!A:C,2,FALSE) -> 攻速 | H10: 3 | I10: 1 | J10: 攻速
A11: 1001008 | B11: 1 | C11: 0 | D11: 2 | E11: =VLOOKUP(J11,Sheet2!A:C,3,FALSE) -> 8 | F11: ="AttrName_00"&E11 -> AttrName_008 | G11: =VLOOKUP(J11,Sheet2!A:C,2,FALSE) -> 回复 | H11: 27 | I11: 1 | J11: 生命恢复
A12: 1001009 | B12: 1 | C12: 0 | D12: 2 | E12: 9 | F12: AttrName_009 | G12: 附加宠物伤害 | H12: 16 | I12: 1 | J12: 附加宠物伤害
A13: 1001010 | B13: 1 | C13: 0 | D13: 2 | E13: =VLOOKUP(J13,Sheet2!A:C,3,FALSE) -> 13 | F13: ="AttrName_0"&E13 -> AttrName_013 | G13: =VLOOKUP(J13,Sheet2!A:C,2,FALSE) -> 生命 | H13: 10 | I13: 1 | J13: 生命加成
A14: 1001011 | B14: 1 | C14: 0 | D14: 2 | E14: =VLOOKUP(J14,Sheet2!A:C,3,FALSE) -> 14 | F14: ="AttrName_0"&E14 -> AttrName_014 | G14: =VLOOKUP(J14,Sheet2!A:C,2,FALSE) -> 物防 | H14: 11 | I14: 2 | J14: 物防加成
A15: 1001012 | B15: 1 | C15: 0 | D15: 2 | E15: =VLOOKUP(J15,Sheet2!A:C,3,FALSE) -> 21 | F15: ="AttrName_0"&E15 -> AttrName_021 | G15: =VLOOKUP(J15,Sheet2!A:C,2,FALSE) -> 宠物伤害加成 | H15: 15 | I15: 1 | J15: 宠物伤害加成
A16: 1001013 | B16: 1 | C16: 0 | D16: 2 | E16: =VLOOKUP(J16,Sheet2!A:C,3,FALSE) -> 15 | F16: ="AttrName_0"&E16 -> AttrName_015 | G16: =VLOOKUP(J16,Sheet2!A:C,2,FALSE) -> 魔防 | H16: 12 | I16: 2 | J16: 魔防加成
A17: 1001014 | B17: 1 | C17: 0 | D17: 2 | E17: =VLOOKUP(J17,Sheet2!A:C,3,FALSE) -> 16 | F17: ="AttrName_0"&E17 -> AttrName_016 | G17: =VLOOKUP(J17,Sheet2!A:C,2,FALSE) -> 道防 | H17: 14 | I17: 2 | J17: 道防加成
A18: 1001015 | B18: 1 | C18: 0 | D18: 2 | E18: =VLOOKUP(J18,Sheet2!A:C,3,FALSE) -> 23 | F18: ="AttrName_0"&E18 -> AttrName_023 | G18: =VLOOKUP(J18,Sheet2!A:C,2,FALSE) -> 伤害倍率 | H18: 33 | I18: 2 | J18: 伤害倍率
A19: 1001016 | B19: 1 | C19: 0 | D19: 2 | E19: =VLOOKUP(J19,Sheet2!A:C,3,FALSE) -> 31 | F19: ="AttrName_0"&E19 -> AttrName_031 | G19: =VLOOKUP(J19,Sheet2!A:C,2,FALSE) -> BOSS伤害加成 | H19: 17 | I19: 2 | J19: BOSS伤害加成
A20: 1001017 | B20: 1 | C20: 0 | D20: 2 | E20: =VLOOKUP(J20,Sheet2!A:C,3,FALSE) -> 25 | F20: ="AttrName_0"&E20 -> AttrName_025 | G20: =VLOOKUP(J20,Sheet2!A:C,2,FALSE) -> 命中 | H20: 20 | I20: 1 | J20: 命中率
A21: 1001018 | B21: 1 | C21: 0 | D21: 2 | E21: =VLOOKUP(J21,Sheet2!A:C,3,FALSE) -> 32 | F21: ="AttrName_0"&E21 -> AttrName_032 | G21: =VLOOKUP(J21,Sheet2!A:C,2,FALSE) -> 小怪伤害加成 | H21: 19 | I21: 2 | J21: 小怪伤害加成
A22: 1001019 | B22: 1 | C22: 0 | D22: 2 | E22: =VLOOKUP(J22,Sheet2!A:C,3,FALSE) -> 28 | F22: ="AttrName_0"&E22 -> AttrName_028 | G22: =VLOOKUP(J22,Sheet2!A:C,2,FALSE) -> 无视防御 | H22: 22 | I22: 2 | J22: 无视防御
A23: 1001020 | B23: 1 | C23: 0 | D23: 2 | E23: =VLOOKUP(J23,Sheet2!A:C,3,FALSE) -> 36 | F23: ="AttrName_0"&E23 -> AttrName_036 | G23: =VLOOKUP(J23,Sheet2!A:C,2,FALSE) -> 技能伤害 | H23: 21 | I23: 2 | J23: 技能伤害
A24: 1001021 | B24: 1 | C24: 0 | D24: 2 | E24: =VLOOKUP(J24,Sheet2!A:C,3,FALSE) -> 33 | F24: ="AttrName_0"&E24 -> AttrName_033 | G24: =VLOOKUP(J24,Sheet2!A:C,2,FALSE) -> 减伤 | H24: 26 | I24: 2 | J24: 减伤
... A38: 1001035 | B38: 1 | C38: 0 | D38: 2 | E38: =VLOOKUP(J38,Sheet2!A:C,3,FALSE) -> 39 | F38: ="AttrName_0"&E38 -> AttrName_039 | G38: =VLOOKUP(J38,Sheet2!A:C,2,FALSE) -> 金币 | H38: 39 | I38: 2 | J38: 金币加成
A39: 1001036 | B39: 1 | C39: 1 | D39: 1 | E39: =VLOOKUP(J39,Sheet2!A:C,3,FALSE) -> 1 | F39: ="AttrName_00"&E39 -> AttrName_001 | G39: =VLOOKUP(J39,Sheet2!A:C,2,FALSE) -> 物理 | H39: 1 | I39: 1 | J39: 物理伤害
A40: 1001037 | B40: 1 | C40: 1 | D40: 2 | E40: =VLOOKUP(J40,Sheet2!A:C,3,FALSE) -> 10 | F40: ="AttrName_0"&E40 -> AttrName_010 | G40: =VLOOKUP(J40,Sheet2!A:C,2,FALSE) -> 物伤 | H40: 9 | I40: 1 | J40: 物伤加成
A41: 1001038 | B41: 1 | C41: 1 | D41: 2 | E41: =VLOOKUP(J41,Sheet2!A:C,3,FALSE) -> 17 | F41: ="AttrName_0"&E41 -> AttrName_017 | G41: =VLOOKUP(J41,Sheet2!A:C,2,FALSE) -> 地系伤害 | H41: 13 | I41: 1 | J41: 地系伤害加成
A42: 1001039 | B42: 1 | C42: 1 | D42: 2 | E42: =VLOOKUP(J42,Sheet2!A:C,3,FALSE) -> 37 | F42: AttrName_203 | G42: 物理次数加成 | H42: 23 | I42: 2 | J42: 技能次数加成
A43: 1001040 | B43: 1 | C43: 1 | D43: 2 | E43: =VLOOKUP(J43,Sheet2!A:C,3,FALSE) -> 38 | F43: AttrName_204 | G43: 物理次数 | H43: 24 | I43: 2 | J43: 技能次数
A44: 1001041 | B44: 1 | C44: 2 | D44: =D4 -> 1 | E44: =VLOOKUP(J44,Sheet2!A:C,3,FALSE) -> 1 | F44: ="AttrName_00"&E44 -> AttrName_001 | G44: =VLOOKUP(J44,Sheet2!A:C,2,FALSE) -> 物理 | H44: 1 | I44: =I4 -> 1 | J44: 物理伤害
A45: 1001042 | B45: 1 | C45: 2 | D45: 2 | E45: =VLOOKUP(J45,Sheet2!A:C,3,FALSE) -> 10 | F45: ="AttrName_0"&E45 -> AttrName_010 | G45: =VLOOKUP(J45,Sheet2!A:C,2,FALSE) -> 物伤 | H45: 9 | I45: 1 | J45: 物伤加成
A46: 1001043 | B46: 1 | C46: 2 | D46: =D40 -> 2 | E46: =VLOOKUP(J46,Sheet2!A:C,3,FALSE) -> 18 | F46: ="AttrName_0"&E46 -> AttrName_018 | G46: =VLOOKUP(J46,Sheet2!A:C,2,FALSE) -> 水系伤害 | H46: 13 | I46: =I40 -> 1 | J46: 水系伤害加成
A47: 1001044 | B47: 1 | C47: 2 | D47: =D26 -> 2 | E47: =VLOOKUP(J47,Sheet2!A:C,3,FALSE) -> 37 | F47: AttrName_203 | G47: 物理次数加成 | H47: 23 | I47: =I26 -> 2 | J47: 技能次数加成
A48: 1001045 | B48: 1 | C48: 2 | D48: =D36 -> 2 | E48: =VLOOKUP(J48,Sheet2!A:C,3,FALSE) -> 38 | F48: AttrName_204 | G48: 物理次数 | H48: 24 | I48: =I36 -> 2 | J48: 技能次数
A49: 1001046 | B49: 1 | C49: 3 | D49: =D8 -> 1 | E49: =VLOOKUP(J49,Sheet2!A:C,3,FALSE) -> 1 | F49: ="AttrName_00"&E49 -> AttrName_001 | G49: =VLOOKUP(J49,Sheet2!A:C,2,FALSE) -> 物理 | H49: 1 | I49: =$I$4 -> 1 | J49: 物理伤害
A50: 1001047 | B50: 1 | C50: 3 | D50: =D16 -> 2 | E50: =VLOOKUP(J50,Sheet2!A:C,3,FALSE) -> 19 | F50: ="AttrName_0"&E50 -> AttrName_019 | G50: =VLOOKUP(J50,Sheet2!A:C,2,FALSE) -> 火系伤害 | H50: 13 | I50: =$I$16 -> 2 | J50: 火系伤害加成
A51: 1001048 | B51: 1 | C51: 3 | D51: 2 | E51: =VLOOKUP(J51,Sheet2!A:C,3,FALSE) -> 10 | F51: ="AttrName_0"&E51 -> AttrName_010 | G51: =VLOOKUP(J51,Sheet2!A:C,2,FALSE) -> 物伤 | H51: 9 | I51: 1 | J51: 物伤加成
A52: 1001049 | B52: 1 | C52: 3 | D52: =D30 -> 2 | E52: =VLOOKUP(J52,Sheet2!A:C,3,FALSE) -> 37 | F52: AttrName_203 | G52: 物理次数加成 | H52: 23 | I52: =$I$27 -> 2 | J52: 技能次数加成
A53: 1001050 | B53: 1 | C53: 3 | D53: =D41 -> 2 | E53: =VLOOKUP(J53,Sheet2!A:C,3,FALSE) -> 38 | F53: AttrName_204 | G53: 物理次数 | H53: 24 | I53: =$I$48 -> 2 | J53: 技能次数
A54: 1001051 | B54: 1 | C54: 4 | D54: 1 | E54: =VLOOKUP(J54,Sheet2!A:C,3,FALSE) -> 1 | F54: ="AttrName_00"&E54 -> AttrName_001 | G54: =VLOOKUP(J54,Sheet2!A:C,2,FALSE) -> 物理 | H54: 1 | I54: =$I$4 -> 1 | J54: 物理伤害
A55: 1001052 | B55: 1 | C55: 4 | D55: 2 | E55: =VLOOKUP(J55,Sheet2!A:C,3,FALSE) -> 10 | F55: ="AttrName_0"&E55 -> AttrName_010 | G55: =VLOOKUP(J55,Sheet2!A:C,2,FALSE) -> 物伤 | H55: 9 | I55: 1 | J55: 物伤加成
A56: 1001053 | B56: 1 | C56: 4 | D56: =D20 -> 2 | E56: =VLOOKUP(J56,Sheet2!A:C,3,FALSE) -> 20 | F56: ="AttrName_0"&E56 -> AttrName_020 | G56: =VLOOKUP(J56,Sheet2!A:C,2,FALSE) -> 风系伤害 | H56: 13 | I56: =$I$16 -> 2 | J56: 风系伤害加成
A57: 1001054 | B57: 1 | C57: 4 | D57: =D34 -> 2 | E57: =VLOOKUP(J57,Sheet2!A:C,3,FALSE) -> 37 | F57: AttrName_203 | G57: 物理次数加成 | H57: 23 | I57: =$I$27 -> 2 | J57: 技能次数加成
A58: 1001055 | B58: 1 | C58: 4 | D58: =D46 -> 2 | E58: =VLOOKUP(J58,Sheet2!A:C,3,FALSE) -> 38 | F58: AttrName_204 | G58: 物理次数 | H58: 24 | I58: =$I$48 -> 2 | J58: 技能次数
A59: 1001056 | B59: 1 | C59: 5 | D59: 1 | E59: =VLOOKUP(J59,Sheet2!A:C,3,FALSE) -> 2 | F59: ="AttrName_00"&E59 -> AttrName_002 | G59: =VLOOKUP(J59,Sheet2!A:C,2,FALSE) -> 魔法 | H59: 2 | I59: =$I$4 -> 1 | J59: 魔法伤害
A60: 1001057 | B60: 1 | C60: 5 | D60: 2 | E60: =VLOOKUP(J60,Sheet2!A:C,3,FALSE) -> 11 | F60: ="AttrName_0"&E60 -> AttrName_011 | G60: =VLOOKUP(J60,Sheet2!A:C,2,FALSE) -> 魔伤 | H60: 9 | I60: 1 | J60: 魔伤加成
A61: 1001058 | B61: 1 | C61: 5 | D61: =D24 -> 2 | E61: =VLOOKUP(J61,Sheet2!A:C,3,FALSE) -> 17 | F61: ="AttrName_0"&E61 -> AttrName_017 | G61: =VLOOKUP(J61,Sheet2!A:C,2,FALSE) -> 地系伤害 | H61: 13 | I61: =$I$16 -> 2 | J61: 地系伤害加成
A62: 1001059 | B62: 1 | C62: 5 | D62: =D38 -> 2 | E62: =VLOOKUP(J62,Sheet2!A:C,3,FALSE) -> 37 | F62: AttrName_205 | G62: 魔法次数加成 | H62: 23 | I62: =$I$27 -> 2 | J62: 技能次数加成
A63: 1001060 | B63: 1 | C63: 5 | D63: =D50 -> 2 | E63: =VLOOKUP(J63,Sheet2!A:C,3,FALSE) -> 38 | F63: AttrName_206 | G63: 魔法次数 | H63: 24 | I63: =$I$48 -> 2 | J63: 技能次数
A64: 1001061 | B64: 1 | C64: 6 | D64: 1 | E64: =VLOOKUP(J64,Sheet2!A:C,3,FALSE) -> 2 | F64: ="AttrName_00"&E64 -> AttrName_002 | G64: =VLOOKUP(J64,Sheet2!A:C,2,FALSE) -> 魔法 | H64: 2 | I64: =$I$4 -> 1 | J64: 魔法伤害
A65: 1001062 | B65: 1 | C65: 6 | D65: 2 | E65: =VLOOKUP(J65,Sheet2!A:C,3,FALSE) -> 11 | F65: ="AttrName_0"&E65 -> AttrName_011 | G65: =VLOOKUP(J65,Sheet2!A:C,2,FALSE) -> 魔伤 | H65: 9 | I65: 1 | J65: 魔伤加成
A66: 1001063 | B66: 1 | C66: 6 | D66: =D28 -> 2 | E66: =VLOOKUP(J66,Sheet2!A:C,3,FALSE) -> 18 | F66: ="AttrName_0"&E66 -> AttrName_018 | G66: =VLOOKUP(J66,Sheet2!A:C,2,FALSE) -> 水系伤害 | H66: 13 | I66: =$I$16 -> 2 | J66: 水系伤害加成
A67: 1001064 | B67: 1 | C67: 6 | D67: =D43 -> 2 | E67: =VLOOKUP(J67,Sheet2!A:C,3,FALSE) -> 37 | F67: AttrName_205 | G67: 魔法次数加成 | H67: 23 | I67: =$I$27 -> 2 | J67: 技能次数加成
A68: 1001065 | B68: 1 | C68: 6 | D68: =D56 -> 2 | E68: =VLOOKUP(J68,Sheet2!A:C,3,FALSE) -> 38 | F68: AttrName_206 | G68: 魔法次数 | H68: 24 | I68: =$I$48 -> 2 | J68: 技能次数
A69: 1001066 | B69: 1 | C69: 7 | D69: =D23 -> 2 | E69: =VLOOKUP(J69,Sheet2!A:C,3,FALSE) -> 2 | F69: ="AttrName_00"&E69 -> AttrName_002 | G69: =VLOOKUP(J69,Sheet2!A:C,2,FALSE) -> 魔法 | H69: 2 | I69: =$I$4 -> 1 | J69: 魔法伤害
A70: 1001067 | B70: 1 | C70: 7 | D70: 2 | E70: =VLOOKUP(J70,Sheet2!A:C,3,FALSE) -> 11 | F70: ="AttrName_0"&E70 -> AttrName_011 | G70: =VLOOKUP(J70,Sheet2!A:C,2,FALSE) -> 魔伤 | H70: 9 | I70: 1 | J70: 魔伤加成
A71: 1001068 | B71: 1 | C71: 7 | D71: =D32 -> 2 | E71: =VLOOKUP(J71,Sheet2!A:C,3,FALSE) -> 19 | F71: ="AttrName_0"&E71 -> AttrName_019 | G71: =VLOOKUP(J71,Sheet2!A:C,2,FALSE) -> 火系伤害 | H71: 13 | I71: =$I$16 -> 2 | J71: 火系伤害加成
A72: 1001069 | B72: 1 | C72: 7 | D72: =D48 -> 2 | E72: =VLOOKUP(J72,Sheet2!A:C,3,FALSE) -> 37 | F72: AttrName_205 | G72: 魔法次数加成 | H72: 23 | I72: =$I$27 -> 2 | J72: 技能次数加成
A73: 1001070 | B73: 1 | C73: 7 | D73: =D61 -> 2 | E73: =VLOOKUP(J73,Sheet2!A:C,3,FALSE) -> 38 | F73: AttrName_206 | G73: 魔法次数 | H73: 24 | I73: =$I$48 -> 2 | J73: 技能次数
A74: 1001071 | B74: 1 | C74: 8 | D74: 1 | E74: =VLOOKUP(J74,Sheet2!A:C,3,FALSE) -> 2 | F74: ="AttrName_00"&E74 -> AttrName_002 | G74: =VLOOKUP(J74,Sheet2!A:C,2,FALSE) -> 魔法 | H74: 2 | I74: =$I$4 -> 1 | J74: 魔法伤害
A75: 1001072 | B75: 1 | C75: 8 | D75: 2 | E75: =VLOOKUP(J75,Sheet2!A:C,3,FALSE) -> 11 | F75: ="AttrName_0"&E75 -> AttrName_011 | G75: =VLOOKUP(J75,Sheet2!A:C,2,FALSE) -> 魔伤 | H75: 9 | I75: 1 | J75: 魔伤加成
A76: 1001073 | B76: 1 | C76: 8 | D76: =D36 -> 2 | E76: =VLOOKUP(J76,Sheet2!A:C,3,FALSE) -> 20 | F76: ="AttrName_0"&E76 -> AttrName_020 | G76: =VLOOKUP(J76,Sheet2!A:C,2,FALSE) -> 风系伤害 | H76: 13 | I76: =$I$16 -> 2 | J76: 风系伤害加成
A77: 1001074 | B77: 1 | C77: 8 | D77: =D53 -> 2 | E77: =VLOOKUP(J77,Sheet2!A:C,3,FALSE) -> 37 | F77: AttrName_205 | G77: 魔法次数加成 | H77: 23 | I77: =$I$27 -> 2 | J77: 技能次数加成
A78: 1001075 | B78: 1 | C78: 8 | D78: =D66 -> 2 | E78: =VLOOKUP(J78,Sheet2!A:C,3,FALSE) -> 38 | F78: AttrName_206 | G78: 魔法次数 | H78: 24 | I78: =$I$48 -> 2 | J78: 技能次数
A79: 1001076 | B79: 1 | C79: 9 | D79: 1 | E79: =VLOOKUP(J79,Sheet2!A:C,3,FALSE) -> 3 | F79: ="AttrName_00"&E79 -> AttrName_003 | G79: =VLOOKUP(J79,Sheet2!A:C,2,FALSE) -> 道术 | H79: 3 | I79: =$I$4 -> 1 | J79: 道术伤害
A80: 1001077 | B80: 1 | C80: 9 | D80: 2 | E80: =VLOOKUP(J80,Sheet2!A:C,3,FALSE) -> 12 | F80: ="AttrName_0"&E80 -> AttrName_012 | G80: =VLOOKUP(J80,Sheet2!A:C,2,FALSE) -> 道伤 | H80: 9 | I80: 1 | J80: 道伤加成
A81: 1001078 | B81: 1 | C81: 9 | D81: =D41 -> 2 | E81: =VLOOKUP(J81,Sheet2!A:C,3,FALSE) -> 17 | F81: ="AttrName_0"&E81 -> AttrName_017 | G81: =VLOOKUP(J81,Sheet2!A:C,2,FALSE) -> 地系伤害 | H81: 13 | I81: =$I$16 -> 2 | J81: 地系伤害加成
A82: 1001079 | B82: 1 | C82: 9 | D82: =D58 -> 2 | E82: =VLOOKUP(J82,Sheet2!A:C,3,FALSE) -> 37 | F82: AttrName_207 | G82: 道术次数加成 | H82: 23 | I82: =$I$27 -> 2 | J82: 技能次数加成
A83: 1001080 | B83: 1 | C83: 9 | D83: =D71 -> 2 | E83: =VLOOKUP(J83,Sheet2!A:C,3,FALSE) -> 38 | F83: AttrName_208 | G83: 道术次数 | H83: 24 | I83: =$I$48 -> 2 | J83: 技能次数
A84: 1001081 | B84: 1 | C84: 10 | D84: 1 | E84: =VLOOKUP(J84,Sheet2!A:C,3,FALSE) -> 3 | F84: ="AttrName_00"&E84 -> AttrName_003 | G84: =VLOOKUP(J84,Sheet2!A:C,2,FALSE) -> 道术 | H84: 3 | I84: =$I$4 -> 1 | J84: 道术伤害
A85: 1001082 | B85: 1 | C85: 10 | D85: 2 | E85: =VLOOKUP(J85,Sheet2!A:C,3,FALSE) -> 12 | F85: ="AttrName_0"&E85 -> AttrName_012 | G85: =VLOOKUP(J85,Sheet2!A:C,2,FALSE) -> 道伤 | H85: 9 | I85: 1 | J85: 道伤加成
A86: 1001083 | B86: 1 | C86: 10 | D86: =D46 -> 2 | E86: =VLOOKUP(J86,Sheet2!A:C,3,FALSE) -> 18 | F86: ="AttrName_0"&E86 -> AttrName_018 | G86: =VLOOKUP(J86,Sheet2!A:C,2,FALSE) -> 水系伤害 | H86: 13 | I86: =$I$16 -> 2 | J86: 水系伤害加成
A87: 1001084 | B87: 1 | C87: 10 | D87: =D63 -> 2 | E87: =VLOOKUP(J87,Sheet2!A:C,3,FALSE) -> 37 | F87: AttrName_207 | G87: 道术次数加成 | H87: 23 | I87: =$I$27 -> 2 | J87: 技能次数加成
A88: 1001085 | B88: 1 | C88: 10 | D88: =D76 -> 2 | E88: =VLOOKUP(J88,Sheet2!A:C,3,FALSE) -> 38 | F88: AttrName_208 | G88: 道术次数 | H88: 24 | I88: =$I$48 -> 2 | J88: 技能次数
A89: 1001086 | B89: 1 | C89: 11 | D89: =D39 -> 1 | E89: =VLOOKUP(J89,Sheet2!A:C,3,FALSE) -> 3 | F89: ="AttrName_00"&E89 -> AttrName_003 | G89: =VLOOKUP(J89,Sheet2!A:C,2,FALSE) -> 道术 | H89: 3 | I89: =$I$4 -> 1 | J89: 道术伤害
A90: 1001087 | B90: 1 | C90: 11 | D90: 2 | E90: =VLOOKUP(J90,Sheet2!A:C,3,FALSE) -> 12 | F90: ="AttrName_0"&E90 -> AttrName_012 | G90: =VLOOKUP(J90,Sheet2!A:C,2,FALSE) -> 道伤 | H90: 9 | I90: 1 | J90: 道伤加成
A91: 1001088 | B91: 1 | C91: 11 | D91: =D50 -> 2 | E91: =VLOOKUP(J91,Sheet2!A:C,3,FALSE) -> 19 | F91: ="AttrName_0"&E91 -> AttrName_019 | G91: =VLOOKUP(J91,Sheet2!A:C,2,FALSE) -> 火系伤害 | H91: 13 | I91: =$I$16 -> 2 | J91: 火系伤害加成
A92: 1001089 | B92: 1 | C92: 11 | D92: =D68 -> 2 | E92: =VLOOKUP(J92,Sheet2!A:C,3,FALSE) -> 37 | F92: AttrName_207 | G92: 道术次数加成 | H92: 23 | I92: =$I$27 -> 2 | J92: 技能次数加成
A93: 1001090 | B93: 1 | C93: 11 | D93: =D81 -> 2 | E93: =VLOOKUP(J93,Sheet2!A:C,3,FALSE) -> 38 | F93: AttrName_208 | G93: 道术次数 | H93: 24 | I93: =$I$48 -> 2 | J93: 技能次数
A94: 1001091 | B94: 1 | C94: 12 | D94: =D44 -> 1 | E94: =VLOOKUP(J94,Sheet2!A:C,3,FALSE) -> 3 | F94: ="AttrName_00"&E94 -> AttrName_003 | G94: =VLOOKUP(J94,Sheet2!A:C,2,FALSE) -> 道术 | H94: 3 | I94: =$I$4 -> 1 | J94: 道术伤害
A95: 1001092 | B95: 1 | C95: 12 | D95: 2 | E95: =VLOOKUP(J95,Sheet2!A:C,3,FALSE) -> 12 | F95: ="AttrName_0"&E95 -> AttrName_012 | G95: =VLOOKUP(J95,Sheet2!A:C,2,FALSE) -> 道伤 | H95: 9 | I95: 1 | J95: 道伤加成
A96: 1001093 | B96: 1 | C96: 12 | D96: =D56 -> 2 | E96: =VLOOKUP(J96,Sheet2!A:C,3,FALSE) -> 20 | F96: ="AttrName_0"&E96 -> AttrName_020 | G96: =VLOOKUP(J96,Sheet2!A:C,2,FALSE) -> 风系伤害 | H96: 13 | I96: =$I$16 -> 2 | J96: 风系伤害加成
A97: 1001094 | B97: 1 | C97: 12 | D97: =D73 -> 2 | E97: =VLOOKUP(J97,Sheet2!A:C,3,FALSE) -> 37 | F97: AttrName_207 | G97: 道术次数加成 | H97: 23 | I97: =$I$27 -> 2 | J97: 技能次数加成
A98: 1001095 | B98: 1 | C98: 12 | D98: =D86 -> 2 | E98: =VLOOKUP(J98,Sheet2!A:C,3,FALSE) -> 38 | F98: AttrName_208 | G98: 道术次数 | H98: 24 | I98: =$I$48 -> 2 | J98: 技能次数
A99: 1001096 | B99: 2 | C99: 0 | D99: 1 | E99: =VLOOKUP(J99,Sheet2!A:C,3,FALSE) -> 29 | F99: ="AttrName_0"&E99 -> AttrName_029 | G99: =VLOOKUP(J99,Sheet2!A:C,2,FALSE) -> 暴击 | H99: 2 | I99: 1 | J99: 暴击
A100: 1001097 | B100: 2 | C100: 0 | D100: 1 | E100: =VLOOKUP(J100,Sheet2!A:C,3,FALSE) -> 30 | F100: ="AttrName_0"&E100 -> AttrName_030 | G100: =VLOOKUP(J100,Sheet2!A:C,2,FALSE) -> 爆伤 | H100: 4 | I100: 1 | J100: 爆伤
A101: 1001098 | B101: 2 | C101: 0 | D101: 2 | E101: 101 | F101: AttrName_209 | G101: =VLOOKUP(J101,Sheet2!A:C,2,FALSE) -> 宠物伤害 | H101: 5 | I101: 1 | J101: 宠物伤害
A102: 1001099 | B102: 2 | C102: 0 | D102: 1 | E102: 201 | F102: ="AttrName_"&E102 -> AttrName_201 | G102: 成长率 | H102: 1 | I102: 1 | J102: 成长率
A103: 1001100 | B103: 2 | C103: 0 | D103: 1 | E103: 202 | F103: ="AttrName_"&E103 -> AttrName_202 | G103: 属性继承 | H103: 3 | I103: 1 | J103: 属性继承

Sheet Sheet2
A1: 属性名称 | B1: 面板展示 | C1: 属性ID
A2: 物理伤害 | B2: 物理 | C2: 1
A3: 魔法伤害 | B3: 魔法 | C3: 2
A4: 道术伤害 | B4: 道术 | C4: 3
A5: 生命值 | B5: 生命 | C5: 4
A6: 物理防御 | B6: 物御 | C6: 5
A7: 魔法防御 | B7: 魔御 | C7: 6
A8: 道术防御 | B8: 道御 | C8: 7
A9: 生命恢复 | B9: 回复 | C9: 8
A10: 宠物伤害 | B10: 宠物伤害 | C10: 9
A11: 物伤加成 | B11: 物伤 | C11: 10
A12: 魔伤加成 | B12: 魔伤 | C12: 11
A13: 道伤加成 | B13: 道伤 | C13: 12
... A50: 击杀回复 | B50: 击杀回复 | C50: 49
A51: 主属性攻击 | C51: 101
A52: 主属性防御 | C52: 102

Sheet Sheet3
