Workbook

Sheet Sheet1
A1: Id | B1: AttrLevel | C1: Atk | D1: HP | E1: CriticalStrike | F1: CriticalInjury | G1: Recovery | H1: Consume
A2: Int | B2: Int | C2: Int | D2: Int | E2: Int | F2: Int | G2: Int | H2: Int64
A3: 序ID | B3: 属性等级 | C3: 攻击 | D3: 生命 | E3: 暴击 | F3: 爆伤 | G3: 生命恢复 | H3: 消耗金币
A4: 1 | B4: 1 | C4: 10 | D4: =C4*3 -> 30 | E4: 0 | F4: 15000 | G4: =ROUND(D4/5,0) -> 6 | H4: 0
A5: 2 | B5: 2 | C5: =[1]基础属性数值!B46 -> 10 | D5: =C5*3 -> 30 | E5: 5 | F5: 100 | G5: =ROUND(D5/5,0) -> 6 | H5: =[1]基础属性数值!G46 -> 11
A6: 3 | B6: 3 | C6: =[1]基础属性数值!B47 -> 10 | D6: =C6*3 -> 30 | E6: 5 | F6: 100 | G6: =ROUND(D6/5,0) -> 6 | H6: =[1]基础属性数值!G47 -> 12
A7: 4 | B7: 4 | C7: =[1]基础属性数值!B48 -> 10 | D7: =C7*3 -> 30 | E7: 5 | F7: 100 | G7: =ROUND(D7/5,0) -> 6 | H7: =[1]基础属性数值!G48 -> 13
A8: 5 | B8: 5 | C8: =[1]基础属性数值!B49 -> 10 | D8: =C8*3 -> 30 | E8: 5 | F8: 100 | G8: =ROUND(D8/5,0) -> 6 | H8: =[1]基础属性数值!G49 -> 14
A9: 6 | B9: 6 | C9: =[1]基础属性数值!B50 -> 10 | D9: =C9*3 -> 30 | E9: 5 | F9: 100 | G9: =ROUND(D9/5,0) -> 6 | H9: =[1]基础属性数值!G50 -> 15
A10: 7 | B10: 7 | C10: =[1]基础属性数值!B51 -> 10 | D10: =C10*3 -> 30 | E10: 5 | F10: 100 | G10: =ROUND(D10/5,0) -> 6 | H10: =[1]基础属性数值!G51 -> 16
A11: 8 | B11: 8 | C11: =[1]基础属性数值!B52 -> 10 | D11: =C11*3 -> 30 | E11: 5 | F11: 100 | G11: =ROUND(D11/5,0) -> 6 | H11: =[1]基础属性数值!G52 -> 17
A12: 9 | B12: 9 | C12: =[1]基础属性数值!B53 -> 10 | D12: =C12*3 -> 30 | E12: 5 | F12: 100 | G12: =ROUND(D12/5,0) -> 6 | H12: =[1]基础属性数值!G53 -> 18
A13: 10 | B13: 10 | C13: =[1]基础属性数值!B54 -> 10 | D13: =C13*3 -> 30 | E13: 5 | F13: 100 | G13: =ROUND(D13/5,0) -> 6 | H13: =[1]基础属性数值!G54 -> 19
A14: 11 | B14: 11 | C14: =[1]基础属性数值!B55 -> 10 | D14: =C14*3 -> 30 | E14: 5 | F14: 100 | G14: =ROUND(D14/5,0) -> 6 | H14: =[1]基础属性数值!G55 -> 20
A15: 12 | B15: 12 | C15: =[1]基础属性数值!B56 -> 10 | D15: =C15*3 -> 30 | E15: 5 | F15: 100 | G15: =ROUND(D15/5,0) -> 6 | H15: =[1]基础属性数值!G56 -> 21
A16: 13 | B16: 13 | C16: =[1]基础属性数值!B57 -> 10 | D16: =C16*3 -> 30 | E16: 5 | F16: 100 | G16: =ROUND(D16/5,0) -> 6 | H16: =[1]基础属性数值!G57 -> 22
... A1103: 1100 | B1103: 1100 | C1103: =[1]基础属性数值!B1144 -> 316 | D1103: =C1103*3 -> 948 | E1103: 0 | F1103: 100 | G1103: =ROUND(D1103/5,0) -> 190 | H1103: =[1]基础属性数值!G1144 -> 105250

Sheet Sheet2

Sheet Sheet3
