Workbook

Sheet Sheet1
A1: Id | B1: Chapter | C1: LevelId | D1: Name_Note | E1: Name | F1: MonsterData | G1: Node | H1: FirstReward | I1: Gold | J1: LoreRate | K1: Drop | L1: EquipLevel | M1: SuggestionStr | N1: UnlockType | O1: Level
A2: Int | B2: Int | C2: Int | D2: String | E2: String | F2: Int | G2: Int | H2: String | I2: String | J2: Int | K2: String | L2: Int | M2: String | N2: Int | O2: String
A3: 序ID | B3: 章节ID | C3: 关卡ID | D3: <c>关卡名称 | E3: 关卡名称 | F3: 关卡刷怪数据 | G3: 关卡节点 | H3: 关卡首通奖励 | I3: 金币掉落数量 | J3: 传承装备掉落概率 | K3: 关卡掉落 | L3: 装备等级 | M3: 推荐战斗力 | N3: 隐藏解锁条件 | O3: Unlock
A4: 101010011 | B4: 1 | C4: 1001 | D4: 1001 | E4: Stage_Name_1 | F4: 10011 | G4: 1 | H4: 0 | I4: =ROUND(VLOOKUP(C:C,[1]关卡难度!$C:$P,14,FALSE)*0.5,0) -> 78 | J4: 0 | K4: 0 | L4: 10 | M4: 100 | N4: 0 | O4: 0
A5: 101010012 | B5: 1 | C5: 1001 | D5: 1001 | E5: Stage_Name_1 | F5: 10012 | G5: 2 | H5: 0 | I5: =ROUND(VLOOKUP(C:C,[1]关卡难度!$C:$P,14,FALSE)*0.5,0) -> 78 | J5: 0 | K5: 0 | L5: 10 | M5: 100 | N5: 0 | O5: 0
A6: 101010013 | B6: 1 | C6: 1001 | D6: 1001 | E6: Stage_Name_1 | F6: 10013 | G6: 3 | H6: 0 | I6: =ROUND(VLOOKUP(C:C,[1]关卡难度!$C:$P,14,FALSE)*0.5,0) -> 78 | J6: 0 | K6: 0 | L6: 10 | M6: 100 | N6: 0 | O6: 0
A7: 101010014 | B7: 1 | C7: 1001 | D7: 1001 | E7: Stage_Name_1 | F7: 10014 | G7: 4 | H7: 0 | I7: =ROUND(VLOOKUP(C:C,[1]关卡难度!$C:$P,14,FALSE)*0.5,0) -> 78 | J7: 0 | K7: 0 | L7: 10 | M7: 100 | N7: 0 | O7: 0
A8: 101010015 | B8: 1 | C8: 1001 | D8: 1001 | E8: Stage_Name_1 | F8: 10015 | G8: 5 | H8: 10000001,3|1000,100|1021001,1 | I8: =ROUND(VLOOKUP(C:C,[1]关卡难度!$C:$P,14,FALSE)*0.5,0) -> 78 | J8: 0 | K8: 1001 | L8: 10 | M8: 100 | N8: 0 | O8: 0
A9: 101010021 | B9: 1 | C9: 1002 | D9: 1002 | E9: Stage_Name_1 | F9: 10021 | G9: 1 | H9: 0 | I9: =ROUND(VLOOKUP(C:C,[1]关卡难度!$C:$P,14,FALSE)*0.5,0) -> 89 | J9: 0 | K9: =K4 -> 0 | L9: 10 | M9: 200 | N9: 0 | O9: 0
A10: 101010022 | B10: 1 | C10: 1002 | D10: 1002 | E10: Stage_Name_1 | F10: 10022 | G10: 2 | H10: 0 | I10: =ROUND(VLOOKUP(C:C,[1]关卡难度!$C:$P,14,FALSE)*0.5,0) -> 89 | J10: 0 | K10: =K5 -> 0 | L10: 10 | M10: 200 | N10: 0 | O10: 0
A11: 101010023 | B11: 1 | C11: 1002 | D11: 1002 | E11: Stage_Name_1 | F11: 10023 | G11: 3 | H11: 0 | I11: =ROUND(VLOOKUP(C:C,[1]关卡难度!$C:$P,14,FALSE)*0.5,0) -> 89 | J11: 0 | K11: =K6 -> 0 | L11: 10 | M11: 200 | N11: 0 | O11: 0
A12: 101010024 | B12: 1 | C12: 1002 | D12: 1002 | E12: Stage_Name_1 | F12: 10024 | G12: 4 | H12: 0 | I12: =ROUND(VLOOKUP(C:C,[1]关卡难度!$C:$P,14,FALSE)*0.5,0) -> 89 | J12: 0 | K12: =K7 -> 0 | L12: 10 | M12: 200 | N12: 0 | O12: 0
A13: 101010025 | B13: 1 | C13: 1002 | D13: 1002 | E13: Stage_Name_1 | F13: 10025 | G13: 5 | H13: 10000001,3|1000,100|1023001,1 | I13: =ROUND(VLOOKUP(C:C,[1]关卡难度!$C:$P,14,FALSE)*0.5,0) -> 89 | J13: 0 | K13: =K8 -> 1001 | L13: 10 | M13: 500 | N13: 0 | O13: 0
A14: 101010031 | B14: 1 | C14: 1003 | D14: 1003 | E14: Stage_Name_1 | F14: 10031 | G14: 1 | H14: 0 | I14: =ROUND(VLOOKUP(C:C,[1]关卡难度!$C:$P,14,FALSE)*0.5,0) -> 94 | J14: 0 | K14: =K9 -> 0 | L14: 10 | M14: 800 | N14: 0 | O14: 0
A15: 101010032 | B15: 1 | C15: 1003 | D15: 1003 | E15: Stage_Name_1 | F15: 10032 | G15: 2 | H15: 0 | I15: =ROUND(VLOOKUP(C:C,[1]关卡难度!$C:$P,14,FALSE)*0.5,0) -> 94 | J15: 0 | K15: =K10 -> 0 | L15: 10 | M15: 800 | N15: 0 | O15: 0
A16: 101010033 | B16: 1 | C16: 1003 | D16: 1003 | E16: Stage_Name_1 | F16: 10033 | G16: 3 | H16: 0 | I16: =ROUND(VLOOKUP(C:C,[1]关卡难度!$C:$P,14,FALSE)*0.5,0) -> 94 | J16: 0 | K16: =K11 -> 0 | L16: 10 | M16: 800 | N16: 0 | O16: 0
A17: 101010034 | B17: 1 | C17: 1003 | D17: 1003 | E17: Stage_Name_1 | F17: 10034 | G17: 4 | H17: 0 | I17: =ROUND(VLOOKUP(C:C,[1]关卡难度!$C:$P,14,FALSE)*0.5,0) -> 94 | J17: 0 | K17: =K12 -> 0 | L17: 10 | M17: 800 | N17: 0 | O17: 0
A18: 101010035 | B18: 1 | C18: 1003 | D18: 1003 | E18: Stage_Name_1 | F18: 10035 | G18: 5 | H18: 10000001,3|1000,100|1022001,1 | I18: =ROUND(VLOOKUP(C:C,[1]关卡难度!$C:$P,14,FALSE)*0.5,0) -> 94 | J18: 0 | K18: =K13 -> 1001 | L18: 10 | M18: 1700 | N18: 0 | O18: 0
A19: 101010041 | B19: 1 | C19: 1004 | D19: 1004 | E19: Stage_Name_1 | F19: 10041 | G19: 1 | H19: 0 | I19: =ROUND(VLOOKUP(C:C,[1]关卡难度!$C:$P,14,FALSE)*0.5,0) -> 98 | J19: 0 | K19: =K14 -> 0 | L19: 10 | M19: 1600 | N19: 0 | O19: 0
A20: 101010042 | B20: 1 | C20: 1004 | D20: 1004 | E20: Stage_Name_1 | F20: 10042 | G20: 2 | H20: 0 | I20: =ROUND(VLOOKUP(C:C,[1]关卡难度!$C:$P,14,FALSE)*0.5,0) -> 98 | J20: 0 | K20: =K15 -> 0 | L20: 10 | M20: 1600 | N20: 0 | O20: 0
A21: 101010043 | B21: 1 | C21: 1004 | D21: 1004 | E21: Stage_Name_1 | F21: 10043 | G21: 3 | H21: 0 | I21: =ROUND(VLOOKUP(C:C,[1]关卡难度!$C:$P,14,FALSE)*0.5,0) -> 98 | J21: 0 | K21: =K16 -> 0 | L21: 10 | M21: 1600 | N21: 0 | O21: 0
A22: 101010044 | B22: 1 | C22: 1004 | D22: 1004 | E22: Stage_Name_1 | F22: 10044 | G22: 4 | H22: 0 | I22: =ROUND(VLOOKUP(C:C,[1]关卡难度!$C:$P,14,FALSE)*0.5,0) -> 98 | J22: 0 | K22: =K17 -> 0 | L22: 10 | M22: 1600 | N22: 0 | O22: 0
A23: 101010045 | B23: 1 | C23: 1004 | D23: 1004 | E23: Stage_Name_1 | F23: 10045 | G23: 5 | H23: 10000001,3|1000,100|1024001,1 | I23: =ROUND(VLOOKUP(C:C,[1]关卡难度!$C:$P,14,FALSE)*0.5,0) -> 98 | J23: 0 | K23: =K18 -> 1001 | L23: 10 | M23: 3200 | N23: 0 | O23: 0
A24: 101010051 | B24: 1 | C24: 1005 | D24: 1005 | E24: Stage_Name_1 | F24: 10051 | G24: 1 | H24: 0 | I24: =ROUND(VLOOKUP(C:C,[1]关卡难度!$C:$P,14,FALSE)*0.5,0) -> 103 | J24: 0 | K24: =K19 -> 0 | L24: 10 | M24: 2600 | N24: 0 | O24: 0
A25: 101010052 | B25: 1 | C25: 1005 | D25: 1005 | E25: Stage_Name_1 | F25: 10052 | G25: 2 | H25: 0 | I25: =ROUND(VLOOKUP(C:C,[1]关卡难度!$C:$P,14,FALSE)*0.5,0) -> 103 | J25: 0 | K25: =K20 -> 0 | L25: 10 | M25: 2600 | N25: 0 | O25: 0
A26: 101010053 | B26: 1 | C26: 1005 | D26: 1005 | E26: Stage_Name_1 | F26: 10053 | G26: 3 | H26: 0 | I26: =ROUND(VLOOKUP(C:C,[1]关卡难度!$C:$P,14,FALSE)*0.5,0) -> 103 | J26: =J21 -> 0 | K26: =K21 -> 0 | L26: 10 | M26: 2600 | N26: 0 | O26: 0
A27: 101010054 | B27: 1 | C27: 1005 | D27: 1005 | E27: Stage_Name_1 | F27: 10054 | G27: 4 | H27: 0 | I27: =ROUND(VLOOKUP(C:C,[1]关卡难度!$C:$P,14,FALSE)*0.5,0) -> 103 | J27: =J22 -> 0 | K27: =K22 -> 0 | L27: 10 | M27: 2600 | N27: 0 | O27: 0
A28: 101010055 | B28: 1 | C28: 1005 | D28: 1005 | E28: Stage_Name_1 | F28: 10055 | G28: 5 | H28: 10000001,3|1000,100|5003,1 | I28: =ROUND(VLOOKUP(C:C,[1]关卡难度!$C:$P,14,FALSE)*0.5,0) -> 103 | J28: 2000 | K28: =K23+1 -> 1002 | L28: 10 | M28: 5200 | N28: 0 | O28: 0
A29: 101010061 | B29: 1 | C29: 1006 | D29: 1006 | E29: Stage_Name_1 | F29: 10061 | G29: 1 | H29: 0 | I29: =ROUND(VLOOKUP(C:C,[1]关卡难度!$C:$P,14,FALSE)*0.5,0) -> 117 | J29: =J24 -> 0 | K29: =K24 -> 0 | L29: 20 | M29: 6700 | N29: 0 | O29: 0
A30: 101010062 | B30: 1 | C30: 1006 | D30: 1006 | E30: Stage_Name_1 | F30: 10062 | G30: 2 | H30: 0 | I30: =ROUND(VLOOKUP(C:C,[1]关卡难度!$C:$P,14,FALSE)*0.5,0) -> 117 | J30: =J25 -> 0 | K30: =K25 -> 0 | L30: 20 | M30: 6700 | N30: 0 | O30: 0
A31: 101010063 | B31: 1 | C31: 1006 | D31: 1006 | E31: Stage_Name_1 | F31: 10063 | G31: 3 | H31: 0 | I31: =ROUND(VLOOKUP(C:C,[1]关卡难度!$C:$P,14,FALSE)*0.5,0) -> 117 | J31: =J26 -> 0 | K31: =K26 -> 0 | L31: 20 | M31: 6700 | N31: 0 | O31: 0
A32: 101010064 | B32: 1 | C32: 1006 | D32: 1006 | E32: Stage_Name_1 | F32: 10064 | G32: 4 | H32: 0 | I32: =ROUND(VLOOKUP(C:C,[1]关卡难度!$C:$P,14,FALSE)*0.5,0) -> 117 | J32: =J27 -> 0 | K32: =K27 -> 0 | L32: 20 | M32: 6700 | N32: 0 | O32: 0
A33: 101010065 | B33: 1 | C33: 1006 | D33: 1006 | E33: Stage_Name_1 | F33: 10065 | G33: 5 | H33: 10000001,3|1000,100|5003,1 | I33: =ROUND(VLOOKUP(C:C,[1]关卡难度!$C:$P,14,FALSE)*0.5,0) -> 117 | J33: =J28 -> 2000 | K33: =K28 -> 1002 | L33: 20 | M33: 13500 | N33: 0 | O33: 0
A34: 101010071 | B34: 1 | C34: 1007 | D34: 1007 | E34: Stage_Name_1 | F34: 10071 | G34: 1 | H34: 0 | I34: =ROUND(VLOOKUP(C:C,[1]关卡难度!$C:$P,14,FALSE)*0.5,0) -> 123 | J34: =J29 -> 0 | K34: =K29 -> 0 | L34: 20 | M34: 11000 | N34: 0 | O34: 0
A35: 101010072 | B35: 1 | C35: 1007 | D35: 1007 | E35: Stage_Name_1 | F35: 10072 | G35: 2 | H35: 0 | I35: =ROUND(VLOOKUP(C:C,[1]关卡难度!$C:$P,14,FALSE)*0.5,0) -> 123 | J35: =J30 -> 0 | K35: =K30 -> 0 | L35: 20 | M35: 11000 | N35: 0 | O35: 0
A36: 101010073 | B36: 1 | C36: 1007 | D36: 1007 | E36: Stage_Name_1 | F36: 10073 | G36: 3 | H36: 0 | I36: =ROUND(VLOOKUP(C:C,[1]关卡难度!$C:$P,14,FALSE)*0.5,0) -> 123 | J36: =J31 -> 0 | K36: =K31 -> 0 | L36: 20 | M36: 11000 | N36: 0 | O36: 0
A37: 101010074 | B37: 1 | C37: 1007 | D37: 1007 | E37: Stage_Name_1 | F37: 10074 | G37: 4 | H37: 0 | I37: =ROUND(VLOOKUP(C:C,[1]关卡难度!$C:$P,14,FALSE)*0.5,0) -> 123 | J37: =J32 -> 0 | K37: =K32 -> 0 | L37: 20 | M37: 11000 | N37: 0 | O37: 0
A38: 101010075 | B38: 1 | C38: 1007 | D38: 1007 | E38: Stage_Name_1 | F38: 10075 | G38: 5 | H38: 10000001,3|1000,100|5003,1 | I38: =ROUND(VLOOKUP(C:C,[1]关卡难度!$C:$P,14,FALSE)*0.5,0) -> 123 | J38: =J33 -> 2000 | K38: =K33 -> 1002 | L38: 20 | M38: 22000 | N38: 0 | O38: 0
A39: 101010081 | B39: 1 | C39: 1008 | D39: 1008 | E39: Stage_Name_1 | F39: 10081 | G39: 1 | H39: 0 | I39: =ROUND(VLOOKUP(C:C,[1]关卡难度!$C:$P,14,FALSE)*0.5,0) -> 129 | J39: =J34 -> 0 | K39: =K34 -> 0 | L39: 20 | M39: 15800 | N39: 0 | O39: 0
A40: 101010082 | B40: 1 | C40: 1008 | D40: 1008 | E40: Stage_Name_1 | F40: 10082 | G40: 2 | H40: 0 | I40: =ROUND(VLOOKUP(C:C,[1]关卡难度!$C:$P,14,FALSE)*0.5,0) -> 129 | J40: =J35 -> 0 | K40: =K35 -> 0 | L40: 20 | M40: 15800 | N40: 0 | O40: 0
A41: 101010083 | B41: 1 | C41: 1008 | D41: 1008 | E41: Stage_Name_1 | F41: 10083 | G41: 3 | H41: 0 | I41: =ROUND(VLOOKUP(C:C,[1]关卡难度!$C:$P,14,FALSE)*0.5,0) -> 129 | J41: =J36 -> 0 | K41: =K36 -> 0 | L41: 20 | M41: 15800 | N41: 0 | O41: 0
A42: 101010084 | B42: 1 | C42: 1008 | D42: 1008 | E42: Stage_Name_1 | F42: 10084 | G42: 4 | H42: 0 | I42: =ROUND(VLOOKUP(C:C,[1]关卡难度!$C:$P,14,FALSE)*0.5,0) -> 129 | J42: =J37 -> 0 | K42: =K37 -> 0 | L42: 20 | M42: 15800 | N42: 0 | O42: 0
A43: 101010085 | B43: 1 | C43: 1008 | D43: 1008 | E43: Stage_Name_1 | F43: 10085 | G43: 5 | H43: 10000001,3|1000,100|5003,1 | I43: =ROUND(VLOOKUP(C:C,[1]关卡难度!$C:$P,14,FALSE)*0.5,0) -> 129 | J43: =J38 -> 2000 | K43: =K38 -> 1002 | L43: 20 | M43: 31600 | N43: 0 | O43: 0
A44: 101010091 | B44: 1 | C44: 1009 | D44: 1009 | E44: Stage_Name_1 | F44: 10091 | G44: 1 | H44: 0 | I44: =ROUND(VLOOKUP(C:C,[1]关卡难度!$C:$P,14,FALSE)*0.5,0) -> 136 | J44: =J39 -> 0 | K44: =K39 -> 0 | L44: 20 | M44: 21200 | N44: 0 | O44: 0
A45: 101010092 | B45: 1 | C45: 1009 | D45: 1009 | E45: Stage_Name_1 | F45: 10092 | G45: 2 | H45: 0 | I45: =ROUND(VLOOKUP(C:C,[1]关卡难度!$C:$P,14,FALSE)*0.5,0) -> 136 | J45: =J40 -> 0 | K45: =K40 -> 0 | L45: 20 | M45: 21200 | N45: 0 | O45: 0
A46: 101010093 | B46: 1 | C46: 1009 | D46: 1009 | E46: Stage_Name_1 | F46: 10093 | G46: 3 | H46: 0 | I46: =ROUND(VLOOKUP(C:C,[1]关卡难度!$C:$P,14,FALSE)*0.5,0) -> 136 | J46: =J41 -> 0 | K46: =K41 -> 0 | L46: 20 | M46: 21200 | N46: 0 | O46: 0
A47: 101010094 | B47: 1 | C47: 1009 | D47: 1009 | E47: Stage_Name_1 | F47: 10094 | G47: 4 | H47: 0 | I47: =ROUND(VLOOKUP(C:C,[1]关卡难度!$C:$P,14,FALSE)*0.5,0) -> 136 | J47: =J42 -> 0 | K47: =K42 -> 0 | L47: 20 | M47: 21200 | N47: 0 | O47: 0
A48: 101010095 | B48: 1 | C48: 1009 | D48: 1009 | E48: Stage_Name_1 | F48: 10095 | G48: 5 | H48: 10000001,3|1000,100|5003,1 | I48: =ROUND(VLOOKUP(C:C,[1]关卡难度!$C:$P,14,FALSE)*0.5,0) -> 136 | J48: =J43 -> 2000 | K48: =K43 -> 1002 | L48: 20 | M48: 42400 | N48: 0 | O48: 0
A49: 101010101 | B49: 1 | C49: 1010 | D49: 1010 | E49: Stage_Name_1 | F49: 10101 | G49: 1 | H49: 0 | I49: =ROUND(VLOOKUP(C:C,[1]关卡难度!$C:$P,14,FALSE)*0.5,0) -> 143 | J49: =J44 -> 0 | K49: =K44 -> 0 | L49: 20 | M49: 28900 | N49: 0 | O49: 0
A50: 101010102 | B50: 1 | C50: 1010 | D50: 1010 | E50: Stage_Name_1 | F50: 10102 | G50: 2 | H50: 0 | I50: =ROUND(VLOOKUP(C:C,[1]关卡难度!$C:$P,14,FALSE)*0.5,0) -> 143 | J50: =J45 -> 0 | K50: =K45 -> 0 | L50: 20 | M50: 28900 | N50: 0 | O50: 0
A51: 101010103 | B51: 1 | C51: 1010 | D51: 1010 | E51: Stage_Name_1 | F51: 10103 | G51: 3 | H51: 0 | I51: =ROUND(VLOOKUP(C:C,[1]关卡难度!$C:$P,14,FALSE)*0.5,0) -> 143 | J51: =J46 -> 0 | K51: =K46 -> 0 | L51: 20 | M51: 28900 | N51: 0 | O51: 0
A52: 101010104 | B52: 1 | C52: 1010 | D52: 1010 | E52: Stage_Name_1 | F52: 10104 | G52: 4 | H52: 0 | I52: =ROUND(VLOOKUP(C:C,[1]关卡难度!$C:$P,14,FALSE)*0.5,0) -> 143 | J52: =J47 -> 0 | K52: =K47 -> 0 | L52: 20 | M52: 28900 | N52: 0 | O52: 0
A53: 101010105 | B53: 1 | C53: 1010 | D53: 1010 | E53: Stage_Name_1 | F53: 10105 | G53: 5 | H53: 10000001,3|1000,100|5003,1 | I53: =ROUND(VLOOKUP(C:C,[1]关卡难度!$C:$P,14,FALSE)*0.5,0) -> 143 | J53: =J48 -> 2000 | K53: =K48 -> 1002 | L53: 20 | M53: 57900 | N53: 0 | O53: 0
A54: 101010111 | B54: 1 | C54: 1011 | D54: 1011 | E54: Stage_Name_1 | F54: 10111 | G54: 1 | H54: 0 | I54: =ROUND(VLOOKUP(C:C,[1]关卡难度!$C:$P,14,FALSE)*0.5,0) -> 156 | J54: =J49 -> 0 | K54: =K49 -> 0 | L54: 30 | M54: 103800 | N54: 0 | O54: 0
A55: 101010112 | B55: 1 | C55: 1011 | D55: 1011 | E55: Stage_Name_1 | F55: 10112 | G55: 2 | H55: 0 | I55: =ROUND(VLOOKUP(C:C,[1]关卡难度!$C:$P,14,FALSE)*0.5,0) -> 156 | J55: =J50 -> 0 | K55: =K50 -> 0 | L55: 30 | M55: 103800 | N55: 0 | O55: 0
A56: 101010113 | B56: 1 | C56: 1011 | D56: 1011 | E56: Stage_Name_1 | F56: 10113 | G56: 3 | H56: 0 | I56: =ROUND(VLOOKUP(C:C,[1]关卡难度!$C:$P,14,FALSE)*0.5,0) -> 156 | J56: =J51 -> 0 | K56: =K51 -> 0 | L56: 30 | M56: 103800 | N56: 0 | O56: 0
A57: 101010114 | B57: 1 | C57: 1011 | D57: 1011 | E57: Stage_Name_1 | F57: 10114 | G57: 4 | H57: 0 | I57: =ROUND(VLOOKUP(C:C,[1]关卡难度!$C:$P,14,FALSE)*0.5,0) -> 156 | J57: =J52 -> 0 | K57: =K52 -> 0 | L57: 30 | M57: 103800 | N57: 0 | O57: 0
A58: 101010115 | B58: 1 | C58: 1011 | D58: 1011 | E58: Stage_Name_1 | F58: 10115 | G58: 5 | H58: 10000001,3|1000,100|5003,1 | I58: =ROUND(VLOOKUP(C:C,[1]关卡难度!$C:$P,14,FALSE)*0.5,0) -> 156 | J58: 1000 | K58: =K53 -> 1002 | L58: 30 | M58: 311500 | N58: 0 | O58: 0
A59: 101010121 | B59: 1 | C59: 1012 | D59: 1012 | E59: Stage_Name_1 | F59: 10121 | G59: 1 | H59: 0 | I59: =ROUND(VLOOKUP(C:C,[1]关卡难度!$C:$P,14,FALSE)*0.5,0) -> 164 | J59: =J54 -> 0 | K59: =K54 -> 0 | L59: 30 | M59: 129600 | N59: 0 | O59: 0
A60: 101010122 | B60: 1 | C60: 1012 | D60: 1012 | E60: Stage_Name_1 | F60: 10122 | G60: 2 | H60: 0 | I60: =ROUND(VLOOKUP(C:C,[1]关卡难度!$C:$P,14,FALSE)*0.5,0) -> 164 | J60: =J55 -> 0 | K60: =K55 -> 0 | L60: 30 | M60: 129600 | N60: 0 | O60: 0
A61: 101010123 | B61: 1 | C61: 1012 | D61: 1012 | E61: Stage_Name_1 | F61: 10123 | G61: 3 | H61: 0 | I61: =ROUND(VLOOKUP(C:C,[1]关卡难度!$C:$P,14,FALSE)*0.5,0) -> 164 | J61: =J56 -> 0 | K61: =K56 -> 0 | L61: 30 | M61: 129600 | N61: 0 | O61: 0
A62: 101010124 | B62: 1 | C62: 1012 | D62: 1012 | E62: Stage_Name_1 | F62: 10124 | G62: 4 | H62: 0 | I62: =ROUND(VLOOKUP(C:C,[1]关卡难度!$C:$P,14,FALSE)*0.5,0) -> 164 | J62: =J57 -> 0 | K62: =K57 -> 0 | L62: 30 | M62: 129600 | N62: 0 | O62: 0
A63: 101010125 | B63: 1 | C63: 1012 | D63: 1012 | E63: Stage_Name_1 | F63: 10125 | G63: 5 | H63: 10000001,3|1000,100|5003,1 | I63: =ROUND(VLOOKUP(C:C,[1]关卡难度!$C:$P,14,FALSE)*0.5,0) -> 164 | J63: =J58 -> 1000 | K63: =K58 -> 1002 | L63: 30 | M63: 388900 | N63: 0 | O63: 0
A64: 101010131 | B64: 1 | C64: 1013 | D64: 1013 | E64: Stage_Name_1 | F64: 10131 | G64: 1 | H64: 0 | I64: =ROUND(VLOOKUP(C:C,[1]关卡难度!$C:$P,14,FALSE)*0.5,0) -> 172 | J64: =J59 -> 0 | K64: =K59 -> 0 | L64: 30 | M64: 294200 | N64: 0 | O64: 0
A65: 101010132 | B65: 1 | C65: 1013 | D65: 1013 | E65: Stage_Name_1 | F65: 10132 | G65: 2 | H65: 0 | I65: =ROUND(VLOOKUP(C:C,[1]关卡难度!$C:$P,14,FALSE)*0.5,0) -> 172 | J65: =J60 -> 0 | K65: =K60 -> 0 | L65: 30 | M65: 294200 | N65: 0 | O65: 0
A66: 101010133 | B66: 1 | C66: 1013 | D66: 1013 | E66: Stage_Name_1 | F66: 10133 | G66: 3 | H66: 0 | I66: =ROUND(VLOOKUP(C:C,[1]关卡难度!$C:$P,14,FALSE)*0.5,0) -> 172 | J66: =J61 -> 0 | K66: =K61 -> 0 | L66: 30 | M66: 294200 | N66: 0 | O66: 0
A67: 101010134 | B67: 1 | C67: 1013 | D67: 1013 | E67: Stage_Name_1 | F67: 10134 | G67: 4 | H67: 0 | I67: =ROUND(VLOOKUP(C:C,[1]关卡难度!$C:$P,14,FALSE)*0.5,0) -> 172 | J67: =J62 -> 0 | K67: =K62 -> 0 | L67: 30 | M67: 294200 | N67: 0 | O67: 0
A68: 101010135 | B68: 1 | C68: 1013 | D68: 1013 | E68: Stage_Name_1 | F68: 10135 | G68: 5 | H68: 10000001,3|1000,100|5003,1 | I68: =ROUND(VLOOKUP(C:C,[1]关卡难度!$C:$P,14,FALSE)*0.5,0) -> 172 | J68: =J63 -> 1000 | K68: =K63 -> 1002 | L68: 30 | M68: 882600 | N68: 0 | O68: 0
A69: 101010141 | B69: 1 | C69: 1014 | D69: 1014 | E69: Stage_Name_1 | F69: 10141 | G69: 1 | H69: 0 | I69: =ROUND(VLOOKUP(C:C,[1]关卡难度!$C:$P,14,FALSE)*0.5,0) -> 181 | J69: =J64 -> 0 | K69: =K64 -> 0 | L69: 30 | M69: 357400 | N69: 0 | O69: 0
A70: 101010142 | B70: 1 | C70: 1014 | D70: 1014 | E70: Stage_Name_1 | F70: 10142 | G70: 2 | H70: 0 | I70: =ROUND(VLOOKUP(C:C,[1]关卡难度!$C:$P,14,FALSE)*0.5,0) -> 181 | J70: =J65 -> 0 | K70: =K65 -> 0 | L70: 30 | M70: 357400 | N70: 0 | O70: 0
A71: 101010143 | B71: 1 | C71: 1014 | D71: 1014 | E71: Stage_Name_1 | F71: 10143 | G71: 3 | H71: 0 | I71: =ROUND(VLOOKUP(C:C,[1]关卡难度!$C:$P,14,FALSE)*0.5,0) -> 181 | J71: =J66 -> 0 | K71: =K66 -> 0 | L71: 30 | M71: 357400 | N71: 0 | O71: 0
A72: 101010144 | B72: 1 | C72: 1014 | D72: 1014 | E72: Stage_Name_1 | F72: 10144 | G72: 4 | H72: 0 | I72: =ROUND(VLOOKUP(C:C,[1]关卡难度!$C:$P,14,FALSE)*0.5,0) -> 181 | J72: =J67 -> 0 | K72: =K67 -> 0 | L72: 30 | M72: 357400 | N72: 0 | O72: 0
A73: 101010145 | B73: 1 | C73: 1014 | D73: 1014 | E73: Stage_Name_1 | F73: 10145 | G73: 5 | H73: 10000001,3|1000,100|5003,1 | I73: =ROUND(VLOOKUP(C:C,[1]关卡难度!$C:$P,14,FALSE)*0.5,0) -> 181 | J73: =J68 -> 1000 | K73: =K68 -> 1002 | L73: 30 | M73: 1072100 | N73: 0 | O73: 0
A74: 101010151 | B74: 1 | C74: 1015 | D74: 1015 | E74: Stage_Name_1 | F74: 10151 | G74: 1 | H74: 0 | I74: =ROUND(VLOOKUP(C:C,[1]关卡难度!$C:$P,14,FALSE)*0.5,0) -> 190 | J74: =J69 -> 0 | K74: =K69 -> 0 | L74: 30 | M74: 429800 | N74: 0 | O74: 0
A75: 101010152 | B75: 1 | C75: 1015 | D75: 1015 | E75: Stage_Name_1 | F75: 10152 | G75: 2 | H75: 0 | I75: =ROUND(VLOOKUP(C:C,[1]关卡难度!$C:$P,14,FALSE)*0.5,0) -> 190 | J75: =J70 -> 0 | K75: =K70 -> 0 | L75: 30 | M75: 429800 | N75: 0 | O75: 0
A76: 101010153 | B76: 1 | C76: 1015 | D76: 1015 | E76: Stage_Name_1 | F76: 10153 | G76: 3 | H76: 0 | I76: =ROUND(VLOOKUP(C:C,[1]关卡难度!$C:$P,14,FALSE)*0.5,0) -> 190 | J76: =J71 -> 0 | K76: =K71 -> 0 | L76: 30 | M76: 429800 | N76: 0 | O76: 0
A77: 101010154 | B77: 1 | C77: 1015 | D77: 1015 | E77: Stage_Name_1 | F77: 10154 | G77: 4 | H77: 0 | I77: =ROUND(VLOOKUP(C:C,[1]关卡难度!$C:$P,14,FALSE)*0.5,0) -> 190 | J77: =J72 -> 0 | K77: =K72 -> 0 | L77: 30 | M77: 429800 | N77: 0 | O77: 0
A78: 101010155 | B78: 1 | C78: 1015 | D78: 1015 | E78: Stage_Name_1 | F78: 10155 | G78: 5 | H78: 10000001,3|1000,100|5003,1 | I78: =ROUND(VLOOKUP(C:C,[1]关卡难度!$C:$P,14,FALSE)*0.5,0) -> 190 | J78: =J73 -> 1000 | K78: =K73 -> 1002 | L78: 30 | M78: 1289500 | N78: 0 | O78: 0
A79: 101010161 | B79: 1 | C79: 1016 | D79: 1016 | E79: Stage_Name_1 | F79: 10161 | G79: 1 | H79: 0 | I79: =ROUND(VLOOKUP(C:C,[1]关卡难度!$C:$P,14,FALSE)*0.5,0) -> 199 | J79: =J74 -> 0 | K79: =K74 -> 0 | L79: 40 | M79: 1053200 | N79: 0 | O79: 0
A80: 101010162 | B80: 1 | C80: 1016 | D80: 1016 | E80: Stage_Name_1 | F80: 10162 | G80: 2 | H80: 0 | I80: =ROUND(VLOOKUP(C:C,[1]关卡难度!$C:$P,14,FALSE)*0.5,0) -> 199 | J80: =J75 -> 0 | K80: =K75 -> 0 | L80: 40 | M80: 1053200 | N80: 0 | O80: 0
A81: 101010163 | B81: 1 | C81: 1016 | D81: 1016 | E81: Stage_Name_1 | F81: 10163 | G81: 3 | H81: 0 | I81: =ROUND(VLOOKUP(C:C,[1]关卡难度!$C:$P,14,FALSE)*0.5,0) -> 199 | J81: =J76 -> 0 | K81: =K76 -> 0 | L81: 40 | M81: 1053200 | N81: 0 | O81: 0
A82: 101010164 | B82: 1 | C82: 1016 | D82: 1016 | E82: Stage_Name_1 | F82: 10164 | G82: 4 | H82: 0 | I82: =ROUND(VLOOKUP(C:C,[1]关卡难度!$C:$P,14,FALSE)*0.5,0) -> 199 | J82: =J77 -> 0 | K82: =K77 -> 0 | L82: 40 | M82: 1053200 | N82: 0 | O82: 0
A83: 101010165 | B83: 1 | C83: 1016 | D83: 1016 | E83: Stage_Name_1 | F83: 10165 | G83: 5 | H83: 10000001,3|1000,100|5003,1 | I83: =ROUND(VLOOKUP(C:C,[1]关卡难度!$C:$P,14,FALSE)*0.5,0) -> 199 | J83: =J78 -> 1000 | K83: =K78 -> 1002 | L83: 40 | M83: 3159600 | N83: 0 | O83: 0
A84: 101010171 | B84: 1 | C84: 1017 | D84: 1017 | E84: Stage_Name_1 | F84: 10171 | G84: 1 | H84: 0 | I84: =ROUND(VLOOKUP(C:C,[1]关卡难度!$C:$P,14,FALSE)*0.5,0) -> 209 | J84: =J79 -> 0 | K84: =K79 -> 0 | L84: 40 | M84: 1238200 | N84: 0 | O84: 0
A85: 101010172 | B85: 1 | C85: 1017 | D85: 1017 | E85: Stage_Name_1 | F85: 10172 | G85: 2 | H85: 0 | I85: =ROUND(VLOOKUP(C:C,[1]关卡难度!$C:$P,14,FALSE)*0.5,0) -> 209 | J85: =J80 -> 0 | K85: =K80 -> 0 | L85: 40 | M85: 1238200 | N85: 0 | O85: 0
A86: 101010173 | B86: 1 | C86: 1017 | D86: 1017 | E86: Stage_Name_1 | F86: 10173 | G86: 3 | H86: 0 | I86: =ROUND(VLOOKUP(C:C,[1]关卡难度!$C:$P,14,FALSE)*0.5,0) -> 209 | J86: =J81 -> 0 | K86: =K81 -> 0 | L86: 40 | M86: 1238200 | N86: 0 | O86: 0
A87: 101010174 | B87: 1 | C87: 1017 | D87: 1017 | E87: Stage_Name_1 | F87: 10174 | G87: 4 | H87: 0 | I87: =ROUND(VLOOKUP(C:C,[1]关卡难度!$C:$P,14,FALSE)*0.5,0) -> 209 | J87: =J82 -> 0 | K87: =K82 -> 0 | L87: 40 | M87: 1238200 | N87: 0 | O87: 0
A88: 101010175 | B88: 1 | C88: 1017 | D88: 1017 | E88: Stage_Name_1 | F88: 10175 | G88: 5 | H88: 10000001,3|1000,100|5003,1 | I88: =ROUND(VLOOKUP(C:C,[1]关卡难度!$C:$P,14,FALSE)*0.5,0) -> 209 | J88: =J83 -> 1000 | K88: =K83 -> 1002 | L88: 40 | M88: 3714500 | N88: 0 | O88: 0
A89: 101010181 | B89: 1 | C89: 1018 | D89: 1018 | E89: Stage_Name_1 | F89: 10181 | G89: 1 | H89: 0 | I89: =ROUND(VLOOKUP(C:C,[1]关卡难度!$C:$P,14,FALSE)*0.5,0) -> 219 | J89: =J84 -> 0 | K89: =K84 -> 0 | L89: 40 | M89: 1482800 | N89: 0 | O89: 0
A90: 101010182 | B90: 1 | C90: 1018 | D90: 1018 | E90: Stage_Name_1 | F90: 10182 | G90: 2 | H90: 0 | I90: =ROUND(VLOOKUP(C:C,[1]关卡难度!$C:$P,14,FALSE)*0.5,0) -> 219 | J90: =J85 -> 0 | K90: =K85 -> 0 | L90: 40 | M90: 1482800 | N90: 0 | O90: 0
A91: 101010183 | B91: 1 | C91: 1018 | D91: 1018 | E91: Stage_Name_1 | F91: 10183 | G91: 3 | H91: 0 | I91: =ROUND(VLOOKUP(C:C,[1]关卡难度!$C:$P,14,FALSE)*0.5,0) -> 219 | J91: =J86 -> 0 | K91: =K86 -> 0 | L91: 40 | M91: 1482800 | N91: 0 | O91: 0
A92: 101010184 | B92: 1 | C92: 1018 | D92: 1018 | E92: Stage_Name_1 | F92: 10184 | G92: 4 | H92: 0 | I92: =ROUND(VLOOKUP(C:C,[1]关卡难度!$C:$P,14,FALSE)*0.5,0) -> 219 | J92: =J87 -> 0 | K92: =K87 -> 0 | L92: 40 | M92: 1482800 | N92: 0 | O92: 0
A93: 101010185 | B93: 1 | C93: 1018 | D93: 1018 | E93: Stage_Name_1 | F93: 10185 | G93: 5 | H93: 10000001,3|1000,100|5003,1 | I93: =ROUND(VLOOKUP(C:C,[1]关卡难度!$C:$P,14,FALSE)*0.5,0) -> 219 | J93: =J88 -> 1000 | K93: =K88 -> 1002 | L93: 40 | M93: 4448500 | N93: 0 | O93: 0
A94: 101010191 | B94: 1 | C94: 1019 | D94: 1019 | E94: Stage_Name_1 | F94: 10191 | G94: 1 | H94: 0 | I94: =ROUND(VLOOKUP(C:C,[1]关卡难度!$C:$P,14,FALSE)*0.5,0) -> 230 | J94: =J89 -> 0 | K94: =K89 -> 0 | L94: 40 | M94: 1694300 | N94: 0 | O94: 0
A95: 101010192 | B95: 1 | C95: 1019 | D95: 1019 | E95: Stage_Name_1 | F95: 10192 | G95: 2 | H95: 0 | I95: =ROUND(VLOOKUP(C:C,[1]关卡难度!$C:$P,14,FALSE)*0.5,0) -> 230 | J95: =J90 -> 0 | K95: =K90 -> 0 | L95: 40 | M95: 1694300 | N95: 0 | O95: 0
A96: 101010193 | B96: 1 | C96: 1019 | D96: 1019 | E96: Stage_Name_1 | F96: 10193 | G96: 3 | H96: 0 | I96: =ROUND(VLOOKUP(C:C,[1]关卡难度!$C:$P,14,FALSE)*0.5,0) -> 230 | J96: =J91 -> 0 | K96: =K91 -> 0 | L96: 40 | M96: 1694300 | N96: 0 | O96: 0
A97: 101010194 | B97: 1 | C97: 1019 | D97: 1019 | E97: Stage_Name_1 | F97: 10194 | G97: 4 | H97: 0 | I97: =ROUND(VLOOKUP(C:C,[1]关卡难度!$C:$P,14,FALSE)*0.5,0) -> 230 | J97: =J92 -> 0 | K97: =K92 -> 0 | L97: 40 | M97: 1694300 | N97: 0 | O97: 0
A98: 101010195 | B98: 1 | C98: 1019 | D98: 1019 | E98: Stage_Name_1 | F98: 10195 | G98: 5 | H98: 10000001,3|1000,100|5003,1 | I98: =ROUND(VLOOKUP(C:C,[1]关卡难度!$C:$P,14,FALSE)*0.5,0) -> 230 | J98: =J93 -> 1000 | K98: =K93 -> 1002 | L98: 40 | M98: 5082900 | N98: 0 | O98: 0
A99: 101010201 | B99: 1 | C99: 1020 | D99: 1020 | E99: Stage_Name_1 | F99: 10201 | G99: 1 | H99: 0 | I99: =ROUND(VLOOKUP(C:C,[1]关卡难度!$C:$P,14,FALSE)*0.5,0) -> 242 | J99: =J94 -> 0 | K99: =K94 -> 0 | L99: 40 | M99: 1957500 | N99: 0 | O99: 0
A100: 101010202 | B100: 1 | C100: 1020 | D100: 1020 | E100: Stage_Name_1 | F100: 10202 | G100: 2 | H100: 0 | I100: =ROUND(VLOOKUP(C:C,[1]关卡难度!$C:$P,14,FALSE)*0.5,0) -> 242 | J100: =J95 -> 0 | K100: =K95 -> 0 | L100: 40 | M100: 1957500 | N100: 0 | O100: 0
...

Sheet Sheet2
A1: Id | B1: Chapter | C1: LevelId | D1: Name | E1: Node | F1: MonsterData | G1: MonsterHp | H1: MonsterAtk | I1: FirstReward | J1: Gold | K1: RuneRate | L1: Drop | M1: EquipLevel | N1: SuggestionStr
A2: Int | B2: Int | C2: Int | D2: String | E2: Int | F2: Int | G2: String | H2: String | I2: String | J2: String | K2: Int | L2: String | M2: Int | N2: String
A3: 序ID | B3: 章节ID | C3: 关卡ID | D3: 关卡名称 | E3: 关卡节点 | F3: 关卡刷怪数据 | G3: 怪物生命 | H3: 怪物攻击力 | I3: 关卡首通奖励 | J3: 金币掉落数量 | K3: 符石掉落概率 | L3: 关卡掉落 | M3: 装备等级 | N3: 推荐战斗力
A4: 1000001 | B4: 1000 | C4: 1001 | D4: LV.1原野森林 1-1 | E4: 1 | F4: 10011 | G4: 50 | H4: 1 | I4: 0 | J4: 200 | K4: 0 | L4: 0 | M4: 1 | N4: =ROUND(G4*1+H4*3/5,0) -> 51
A5: 1000002 | B5: 1000 | C5: 1001 | D5: LV.1原野森林 1-1 | E5: 2 | F5: 10012 | G5: 80 | H5: 1 | I5: 0 | J5: 200 | K5: 0 | L5: 0 | M5: 1 | N5: =ROUND(G5*1+H5*3/5,0) -> 81
A6: 1000003 | B6: 1000 | C6: 1001 | D6: LV.1原野森林 1-1 | E6: 3 | F6: 10013 | G6: 100 | H6: 2 | I6: 0 | J6: 200 | K6: 0 | L6: 0 | M6: 1 | N6: =ROUND(G6*1+H6*3/5,0) -> 101
A7: 1000004 | B7: 1000 | C7: 1001 | D7: LV.1原野森林 1-1 | E7: 4 | F7: 10014 | G7: 140 | H7: 2 | I7: 0 | J7: 200 | K7: 0 | L7: 0 | M7: 1 | N7: =ROUND(G7*1+H7*3/5,0) -> 141
A8: 1000005 | B8: 1000 | C8: 1001 | D8: LV.1原野森林 1-1 | E8: 5 | F8: 10015 | G8: 850 | H8: 2 | I8: 10000001,3|1000,100 | J8: 200 | K8: 0 | L8: 10000001,1,5000 | M8: 1 | N8: =ROUND(G8*1+H8*3/5,0) -> 851
A9: 1000006 | B9: 1000 | C9: 1002 | D9: LV.1原野森林 1-2 | E9: 1 | F9: 10021 | G9: 200 | H9: 4 | I9: 0 | J9: 210 | K9: 0 | L9: 0 | M9: =M4+1 -> 2 | N9: =ROUND(G9*1+H9*3/5,0) -> 202
A10: 1000007 | B10: 1000 | C10: 1002 | D10: LV.1原野森林 1-2 | E10: 2 | F10: 10022 | G10: 230 | H10: 4 | I10: 0 | J10: 210 | K10: 0 | L10: 0 | M10: =M5+1 -> 2 | N10: =ROUND(G10*1+H10*3/5,0) -> 232
A11: 1000008 | B11: 1000 | C11: 1002 | D11: LV.1原野森林 1-2 | E11: 3 | F11: 10023 | G11: 260 | H11: 5 | I11: 0 | J11: 210 | K11: 0 | L11: 0 | M11: =M6+1 -> 2 | N11: =ROUND(G11*1+H11*3/5,0) -> 263
A12: 1000009 | B12: 1000 | C12: 1002 | D12: LV.1原野森林 1-2 | E12: 4 | F12: 10024 | G12: 290 | H12: 6 | I12: 0 | J12: 210 | K12: 0 | L12: 0 | M12: =M7+1 -> 2 | N12: =ROUND(G12*1+H12*3/5,0) -> 294
A13: 1000010 | B13: 1000 | C13: 1002 | D13: LV.1原野森林 1-2 | E13: 5 | F13: 10025 | G13: 1600 | H13: 10 | I13: 10000001,3|1000,100 | J13: 210 | K13: 0 | L13: 10000001,1,5000 | M13: =M8+1 -> 2 | N13: =ROUND(G13*1+H13*3/5,0) -> 1606
A14: 1000011 | B14: 1000 | C14: 1003 | D14: LV.1原野森林 1-3 | E14: 1 | F14: 10031 | G14: 350 | H14: 7 | I14: 0 | J14: 220 | K14: 0 | L14: 0 | M14: =M9+1 -> 3 | N14: =ROUND(G14*1+H14*3/5,0) -> 354
A15: 1000012 | B15: 1000 | C15: 1003 | D15: LV.1原野森林 1-3 | E15: 2 | F15: 10032 | G15: 380 | H15: 7 | I15: 0 | J15: 220 | K15: 0 | L15: 0 | M15: =M10+1 -> 3 | N15: =ROUND(G15*1+H15*3/5,0) -> 384
A16: 1000013 | B16: 1000 | C16: 1003 | D16: LV.1原野森林 1-3 | E16: 3 | F16: 10033 | G16: 410 | H16: 8 | I16: 0 | J16: 220 | K16: 0 | L16: 0 | M16: =M11+1 -> 3 | N16: =ROUND(G16*1+H16*3/5,0) -> 415
A17: 1000014 | B17: 1000 | C17: 1003 | D17: LV.1原野森林 1-3 | E17: 4 | F17: 10034 | G17: 440 | H17: 9 | I17: 0 | J17: 220 | K17: 0 | L17: 0 | M17: =M12+1 -> 3 | N17: =ROUND(G17*1+H17*3/5,0) -> 445
A18: 1000015 | B18: 1000 | C18: 1003 | D18: LV.1原野森林 1-3 | E18: 5 | F18: 10035 | G18: 2350 | H18: 20 | I18: 10000001,3|1000,100 | J18: 220 | K18: 0 | L18: 10000001,1,5000 | M18: =M13+1 -> 3 | N18: =ROUND(G18*1+H18*3/5,0) -> 2362
A19: 1000016 | B19: 1000 | C19: 1004 | D19: LV.1原野森林 1-4 | E19: 1 | F19: 10041 | G19: 500 | H19: 10 | I19: 0 | J19: 230 | K19: 0 | L19: 0 | M19: =M14+1 -> 4 | N19: =ROUND(G19*1+H19*3/5,0) -> 506
A20: 1000017 | B20: 1000 | C20: 1004 | D20: LV.1原野森林 1-4 | E20: 2 | F20: 10042 | G20: 530 | H20: 10 | I20: 0 | J20: 230 | K20: 0 | L20: 0 | M20: =M15+1 -> 4 | N20: =ROUND(G20*1+H20*3/5,0) -> 536
A21: 1000018 | B21: 1000 | C21: 1004 | D21: LV.1原野森林 1-4 | E21: 3 | F21: 10043 | G21: 560 | H21: 10 | I21: 0 | J21: 230 | K21: 0 | L21: 0 | M21: =M16+1 -> 4 | N21: =ROUND(G21*1+H21*3/5,0) -> 566
A22: 1000019 | B22: 1000 | C22: 1004 | D22: LV.1原野森林 1-4 | E22: 4 | F22: 10044 | G22: 590 | H22: 10 | I22: 0 | J22: 230 | K22: 0 | L22: 0 | M22: =M17+1 -> 4 | N22: =ROUND(G22*1+H22*3/5,0) -> 596
A23: 1000020 | B23: 1000 | C23: 1004 | D23: LV.1原野森林 1-4 | E23: 5 | F23: 10045 | G23: 3100 | H23: 30 | I23: 10000001,3|1000,100 | J23: 230 | K23: 0 | L23: 10000001,1,5000 | M23: =M18+1 -> 4 | N23: =ROUND(G23*1+H23*3/5,0) -> 3118
A24: 1000021 | B24: 1000 | C24: 1005 | D24: LV.1原野森林 1-5 | E24: 1 | F24: 10051 | G24: 650 | H24: 10 | I24: 0 | J24: 240 | K24: 0 | L24: 0 | M24: =M19+1 -> 5 | N24: =ROUND(G24*1+H24*3/5,0) -> 656
A25: 1000022 | B25: 1000 | C25: 1005 | D25: LV.1原野森林 1-5 | E25: 2 | F25: 10052 | G25: 680 | H25: 10 | I25: 0 | J25: 240 | K25: 0 | L25: 0 | M25: =M20+1 -> 5 | N25: =ROUND(G25*1+H25*3/5,0) -> 686
A26: 1000023 | B26: 1000 | C26: 1005 | D26: LV.1原野森林 1-5 | E26: 3 | F26: 10053 | G26: 710 | H26: 10 | I26: 0 | J26: 240 | K26: 0 | L26: 0 | M26: =M21+1 -> 5 | N26: =ROUND(G26*1+H26*3/5,0) -> 716
A27: 1000024 | B27: 1000 | C27: 1005 | D27: LV.1原野森林 1-5 | E27: 4 | F27: 10054 | G27: 740 | H27: 10 | I27: 0 | J27: 240 | K27: 0 | L27: 0 | M27: =M22+1 -> 5 | N27: =ROUND(G27*1+H27*3/5,0) -> 746
A28: 1000025 | B28: 1000 | C28: 1005 | D28: LV.1原野森林 1-5 | E28: 5 | F28: 10055 | G28: 3850 | H28: 40 | I28: 10000001,3|1000,100 | J28: 240 | K28: 0 | L28: 10000001,1,5000 | M28: =M23+1 -> 5 | N28: =ROUND(G28*1+H28*3/5,0) -> 3874
A29: 1000026 | B29: 1000 | C29: 1006 | D29: LV.1原野森林 1-6 | E29: 1 | F29: 10061 | G29: 800 | H29: 10 | I29: 0 | J29: 250 | K29: 0 | L29: 0 | M29: =M24+1 -> 6 | N29: =ROUND(G29*1+H29*3/5,0) -> 806
A30: 1000027 | B30: 1000 | C30: 1006 | D30: LV.1原野森林 1-6 | E30: 2 | F30: 10062 | G30: 830 | H30: 10 | I30: 0 | J30: 250 | K30: 0 | L30: 0 | M30: =M25+1 -> 6 | N30: =ROUND(G30*1+H30*3/5,0) -> 836
A31: 1000028 | B31: 1000 | C31: 1006 | D31: LV.1原野森林 1-6 | E31: 3 | F31: 10063 | G31: 860 | H31: 10 | I31: 0 | J31: 250 | K31: 0 | L31: 0 | M31: =M26+1 -> 6 | N31: =ROUND(G31*1+H31*3/5,0) -> 866
A32: 1000029 | B32: 1000 | C32: 1006 | D32: LV.1原野森林 1-6 | E32: 4 | F32: 10064 | G32: 890 | H32: 10 | I32: 0 | J32: 250 | K32: 0 | L32: 0 | M32: =M27+1 -> 6 | N32: =ROUND(G32*1+H32*3/5,0) -> 896
A33: 1000030 | B33: 1000 | C33: 1006 | D33: LV.1原野森林 1-6 | E33: 5 | F33: 10065 | G33: 4600 | H33: 50 | I33: 10000001,3|1000,100 | J33: 250 | K33: 0 | L33: 10000001,1,5000 | M33: =M28+1 -> 6 | N33: =ROUND(G33*1+H33*3/5,0) -> 4630
A34: 1000031 | B34: 2000 | C34: 2001 | D34: LV.1熔炉火山 2-1 | E34: 1 | F34: 20011 | G34: 2060 | H34: 15 | I34: 0 | J34: 280 | K34: 0 | L34: 0 | M34: =M29+1 -> 7 | N34: =ROUND(G34*1+H34*3/5,0) -> 2069
A35: 1000032 | B35: 2000 | C35: 2001 | D35: LV.1熔炉火山 2-1 | E35: 2 | F35: 20012 | G35: 2360 | H35: 15 | I35: 0 | J35: 280 | K35: 0 | L35: 0 | M35: =M30+1 -> 7 | N35: =ROUND(G35*1+H35*3/5,0) -> 2369
A36: 1000033 | B36: 2000 | C36: 2001 | D36: LV.1熔炉火山 2-1 | E36: 3 | F36: 20013 | G36: 2660 | H36: 15 | I36: 0 | J36: 280 | K36: 0 | L36: 0 | M36: =M31+1 -> 7 | N36: =ROUND(G36*1+H36*3/5,0) -> 2669
A37: 1000034 | B37: 2000 | C37: 2001 | D37: LV.1熔炉火山 2-1 | E37: 4 | F37: 20014 | G37: 2960 | H37: 15 | I37: 0 | J37: 280 | K37: 0 | L37: 0 | M37: =M32+1 -> 7 | N37: =ROUND(G37*1+H37*3/5,0) -> 2969
A38: 1000035 | B38: 2000 | C38: 2001 | D38: LV.1熔炉火山 2-1 | E38: 5 | F38: 20015 | G38: 21300 | H38: 60 | I38: 10000001,3|1000,100 | J38: 280 | K38: 0 | L38: 10000001,1,5000 | M38: =M33+1 -> 7 | N38: =ROUND(G38*1+H38*3/5,0) -> 21336
A39: 1000036 | B39: 2000 | C39: 2002 | D39: LV.1熔炉火山 2-2 | E39: 1 | F39: 20021 | G39: 3560 | H39: 15 | I39: 0 | J39: 310 | K39: 0 | L39: 0 | M39: =M34+1 -> 8 | N39: =ROUND(G39*1+H39*3/5,0) -> 3569
A40: 1000037 | B40: 2000 | C40: 2002 | D40: LV.1熔炉火山 2-2 | E40: 2 | F40: 20022 | G40: 3860 | H40: 15 | I40: 0 | J40: 310 | K40: 0 | L40: 0 | M40: =M35+1 -> 8 | N40: =ROUND(G40*1+H40*3/5,0) -> 3869
A41: 1000038 | B41: 2000 | C41: 2002 | D41: LV.1熔炉火山 2-2 | E41: 3 | F41: 20023 | G41: 3160 | H41: 15 | I41: 0 | J41: 310 | K41: 0 | L41: 0 | M41: =M36+1 -> 8 | N41: =ROUND(G41*1+H41*3/5,0) -> 3169
A42: 1000039 | B42: 2000 | C42: 2002 | D42: LV.1熔炉火山 2-2 | E42: 4 | F42: 20024 | G42: 3460 | H42: 15 | I42: 0 | J42: 310 | K42: 0 | L42: 0 | M42: =M37+1 -> 8 | N42: =ROUND(G42*1+H42*3/5,0) -> 3469
A43: 1000040 | B43: 2000 | C43: 2002 | D43: LV.1熔炉火山 2-2 | E43: 5 | F43: 20025 | G43: 28800 | H43: 70 | I43: 10000001,3|1000,100 | J43: 310 | K43: 0 | L43: 10000001,1,5000 | M43: =M38+1 -> 8 | N43: =ROUND(G43*1+H43*3/5,0) -> 28842
A44: 1000041 | B44: 2000 | C44: 2003 | D44: LV.1熔炉火山 2-3 | E44: 1 | F44: 20031 | G44: 4060 | H44: 15 | I44: 0 | J44: 340 | K44: 0 | L44: 0 | M44: =M39+1 -> 9 | N44: =ROUND(G44*1+H44*3/5,0) -> 4069
A45: 1000042 | B45: 2000 | C45: 2003 | D45: LV.1熔炉火山 2-3 | E45: 2 | F45: 20032 | G45: 5360 | H45: 15 | I45: 0 | J45: 340 | K45: 0 | L45: 0 | M45: =M40+1 -> 9 | N45: =ROUND(G45*1+H45*3/5,0) -> 5369
A46: 1000043 | B46: 2000 | C46: 2003 | D46: LV.1熔炉火山 2-3 | E46: 3 | F46: 20033 | G46: 6660 | H46: 15 | I46: 0 | J46: 340 | K46: 0 | L46: 0 | M46: =M41+1 -> 9 | N46: =ROUND(G46*1+H46*3/5,0) -> 6669
A47: 1000044 | B47: 2000 | C47: 2003 | D47: LV.1熔炉火山 2-3 | E47: 4 | F47: 20034 | G47: 6960 | H47: 15 | I47: 0 | J47: 340 | K47: 0 | L47: 0 | M47: =M42+1 -> 9 | N47: =ROUND(G47*1+H47*3/5,0) -> 6969
A48: 1000045 | B48: 2000 | C48: 2003 | D48: LV.1熔炉火山 2-3 | E48: 5 | F48: 20035 | G48: 35250 | H48: 75 | I48: 10000001,3|1000,100 | J48: 340 | K48: 0 | L48: 10000001,1,5000 | M48: =M43+1 -> 9 | N48: =ROUND(G48*1+H48*3/5,0) -> 35295
A49: 1000046 | B49: 2000 | C49: 2004 | D49: LV.1熔炉火山 2-4 | E49: 1 | F49: 20041 | G49: 7560 | H49: 15 | I49: 0 | J49: 370 | K49: 0 | L49: 0 | M49: =M44+1 -> 10 | N49: =ROUND(G49*1+H49*3/5,0) -> 7569
A50: 1000047 | B50: 2000 | C50: 2004 | D50: LV.1熔炉火山 2-4 | E50: 2 | F50: 20042 | G50: 7860 | H50: 15 | I50: 0 | J50: 370 | K50: 0 | L50: 0 | M50: =M45+1 -> 10 | N50: =ROUND(G50*1+H50*3/5,0) -> 7869
A51: 1000048 | B51: 2000 | C51: 2004 | D51: LV.1熔炉火山 2-4 | E51: 3 | F51: 20043 | G51: 8160 | H51: 15 | I51: 0 | J51: 370 | K51: 0 | L51: 0 | M51: =M46+1 -> 10 | N51: =ROUND(G51*1+H51*3/5,0) -> 8169
A52: 1000049 | B52: 2000 | C52: 2004 | D52: LV.1熔炉火山 2-4 | E52: 4 | F52: 20044 | G52: 8460 | H52: 15 | I52: 0 | J52: 370 | K52: 0 | L52: 0 | M52: =M47+1 -> 10 | N52: =ROUND(G52*1+H52*3/5,0) -> 8469
A53: 1000050 | B53: 2000 | C53: 2004 | D53: LV.1熔炉火山 2-4 | E53: 5 | F53: 20045 | G53: 42750 | H53: 75 | I53: 10000001,3|1000,100 | J53: 370 | K53: 0 | L53: 10000001,1,5000 | M53: =M48+1 -> 10 | N53: =ROUND(G53*1+H53*3/5,0) -> 42795
A54: 1000051 | B54: 2000 | C54: 2005 | D54: LV.1熔炉火山 2-5 | E54: 1 | F54: 20051 | G54: 9060 | H54: 15 | I54: 0 | J54: 400 | K54: 0 | L54: 0 | M54: =M49+1 -> 11 | N54: =ROUND(G54*1+H54*3/5,0) -> 9069
A55: 1000052 | B55: 2000 | C55: 2005 | D55: LV.1熔炉火山 2-5 | E55: 2 | F55: 20052 | G55: 9360 | H55: 20 | I55: 0 | J55: 400 | K55: 0 | L55: 0 | M55: =M50+1 -> 11 | N55: =ROUND(G55*1+H55*3/5,0) -> 9372
A56: 1000053 | B56: 2000 | C56: 2005 | D56: LV.1熔炉火山 2-5 | E56: 3 | F56: 20053 | G56: 9660 | H56: 20 | I56: 0 | J56: 400 | K56: 0 | L56: 0 | M56: =M51+1 -> 11 | N56: =ROUND(G56*1+H56*3/5,0) -> 9672
A57: 1000054 | B57: 2000 | C57: 2005 | D57: LV.1熔炉火山 2-5 | E57: 4 | F57: 20054 | G57: 9960 | H57: 20 | I57: 0 | J57: 400 | K57: 0 | L57: 0 | M57: =M52+1 -> 11 | N57: =ROUND(G57*1+H57*3/5,0) -> 9972
A58: 1000055 | B58: 2000 | C58: 2005 | D58: LV.1熔炉火山 2-5 | E58: 5 | F58: 20055 | G58: 51300 | H58: 100 | I58: 10000001,3|1000,100 | J58: 400 | K58: 0 | L58: 10000001,1,5000 | M58: =M53+1 -> 11 | N58: =ROUND(G58*1+H58*3/5,0) -> 51360
A59: 1000056 | B59: 2000 | C59: 2006 | D59: LV.1熔炉火山 2-6 | E59: 1 | F59: 20061 | G59: 10560 | H59: 20 | I59: 0 | J59: 430 | K59: 0 | L59: 0 | M59: =M54+1 -> 12 | N59: =ROUND(G59*1+H59*3/5,0) -> 10572
A60: 1000057 | B60: 2000 | C60: 2006 | D60: LV.1熔炉火山 2-6 | E60: 2 | F60: 20062 | G60: 10860 | H60: 20 | I60: 0 | J60: 430 | K60: 0 | L60: 0 | M60: =M55+1 -> 12 | N60: =ROUND(G60*1+H60*3/5,0) -> 10872
A61: 1000058 | B61: 2000 | C61: 2006 | D61: LV.1熔炉火山 2-6 | E61: 3 | F61: 20063 | G61: 11160 | H61: 20 | I61: 0 | J61: 430 | K61: 0 | L61: 0 | M61: =M56+1 -> 12 | N61: =ROUND(G61*1+H61*3/5,0) -> 11172
A62: 1000059 | B62: 2000 | C62: 2006 | D62: LV.1熔炉火山 2-6 | E62: 4 | F62: 20064 | G62: 11460 | H62: 20 | I62: 0 | J62: 430 | K62: 0 | L62: 0 | M62: =M57+1 -> 12 | N62: =ROUND(G62*1+H62*3/5,0) -> 11472
A63: 1000060 | B63: 2000 | C63: 2006 | D63: LV.1熔炉火山 2-6 | E63: 5 | F63: 20065 | G63: 58800 | H63: 100 | I63: 10000001,3|1000,100 | J63: 430 | K63: 0 | L63: 10000001,1,5000 | M63: =M58+1 -> 12 | N63: =ROUND(G63*1+H63*3/5,0) -> 58860
A64: 1000061 | B64: 2000 | C64: 2007 | D64: LV.1熔炉火山 2-7 | E64: 1 | F64: 20071 | G64: 12060 | H64: 20 | I64: 0 | J64: 460 | K64: 0 | L64: 0 | M64: =M59+1 -> 13 | N64: =ROUND(G64*1+H64*3/5,0) -> 12072
A65: 1000062 | B65: 2000 | C65: 2007 | D65: LV.1熔炉火山 2-7 | E65: 2 | F65: 20072 | G65: 12360 | H65: 20 | I65: 0 | J65: 460 | K65: 0 | L65: 0 | M65: =M60+1 -> 13 | N65: =ROUND(G65*1+H65*3/5,0) -> 12372
A66: 1000063 | B66: 2000 | C66: 2007 | D66: LV.1熔炉火山 2-7 | E66: 3 | F66: 20073 | G66: 12660 | H66: 20 | I66: 0 | J66: 460 | K66: 0 | L66: 0 | M66: =M61+1 -> 13 | N66: =ROUND(G66*1+H66*3/5,0) -> 12672
A67: 1000064 | B67: 2000 | C67: 2007 | D67: LV.1熔炉火山 2-7 | E67: 4 | F67: 20074 | G67: 12960 | H67: 20 | I67: 0 | J67: 460 | K67: 0 | L67: 0 | M67: =M62+1 -> 13 | N67: =ROUND(G67*1+H67*3/5,0) -> 12972
A68: 1000065 | B68: 2000 | C68: 2007 | D68: LV.1熔炉火山 2-7 | E68: 5 | F68: 20075 | G68: 66300 | H68: 100 | I68: 10000001,3|1000,100 | J68: 460 | K68: 0 | L68: 10000001,1,5000 | M68: =M63+1 -> 13 | N68: =ROUND(G68*1+H68*3/5,0) -> 66360
A69: 1000066 | B69: 2000 | C69: 2008 | D69: LV.1熔炉火山 2-8 | E69: 1 | F69: 20081 | G69: 13560 | H69: 20 | I69: 0 | J69: 500 | K69: 0 | L69: 0 | M69: =M64+1 -> 14 | N69: =ROUND(G69*1+H69*3/5,0) -> 13572
A70: 1000067 | B70: 2000 | C70: 2008 | D70: LV.1熔炉火山 2-8 | E70: 2 | F70: 20082 | G70: 13860 | H70: 20 | I70: 0 | J70: 500 | K70: 0 | L70: 0 | M70: =M65+1 -> 14 | N70: =ROUND(G70*1+H70*3/5,0) -> 13872
A71: 1000068 | B71: 2000 | C71: 2008 | D71: LV.1熔炉火山 2-8 | E71: 3 | F71: 20083 | G71: 14160 | H71: 20 | I71: 0 | J71: 500 | K71: 0 | L71: 0 | M71: =M66+1 -> 14 | N71: =ROUND(G71*1+H71*3/5,0) -> 14172
A72: 1000069 | B72: 2000 | C72: 2008 | D72: LV.1熔炉火山 2-8 | E72: 4 | F72: 20084 | G72: 14460 | H72: 20 | I72: 0 | J72: 500 | K72: 0 | L72: 0 | M72: =M67+1 -> 14 | N72: =ROUND(G72*1+H72*3/5,0) -> 14472
A73: 1000070 | B73: 2000 | C73: 2008 | D73: LV.1熔炉火山 2-8 | E73: 5 | F73: 20085 | G73: 73800 | H73: 100 | I73: 10000001,3|1000,100 | J73: 500 | K73: 0 | L73: 10000001,1,5000 | M73: =M68+1 -> 14 | N73: =ROUND(G73*1+H73*3/5,0) -> 73860
A74: 1000071 | B74: 3000 | C74: 3001 | D74: LV.1砾石沙漠 3-1 | E74: 1 | F74: 30011 | G74: 15360 | H74: 20 | I74: 0 | J74: 750 | K74: 0 | L74: 0 | M74: =M69+1 -> 15 | N74: =ROUND(G74*1+H74*3/5,0) -> 15372
A75: 1000072 | B75: 3000 | C75: 3001 | D75: LV.1砾石沙漠 3-1 | E75: 2 | F75: 30012 | G75: 15960 | H75: 20 | I75: 0 | J75: 790 | K75: 0 | L75: 0 | M75: =M70+1 -> 15 | N75: =ROUND(G75*1+H75*3/5,0) -> 15972
A76: 1000073 | B76: 3000 | C76: 3001 | D76: LV.1砾石沙漠 3-1 | E76: 3 | F76: 30013 | G76: 16560 | H76: 20 | I76: 0 | J76: 830 | K76: 0 | L76: 0 | M76: =M71+1 -> 15 | N76: =ROUND(G76*1+H76*3/5,0) -> 16572
A77: 1000074 | B77: 3000 | C77: 3001 | D77: LV.1砾石沙漠 3-1 | E77: 4 | F77: 30014 | G77: 17160 | H77: 20 | I77: 0 | J77: 870 | K77: 0 | L77: 0 | M77: =M72+1 -> 15 | N77: =ROUND(G77*1+H77*3/5,0) -> 17172
A78: 1000075 | B78: 3000 | C78: 3001 | D78: LV.1砾石沙漠 3-1 | E78: 5 | F78: 30015 | G78: 88800 | H78: 100 | I78: 10000001,3|1000,100 | J78: 910 | K78: 0 | L78: 10000001,1,5000 | M78: =M73+1 -> 15 | N78: =ROUND(G78*1+H78*3/5,0) -> 88860
A79: 1000076 | B79: 3000 | C79: 3002 | D79: LV.1砾石沙漠 3-2 | E79: 1 | F79: 30021 | G79: 18360 | H79: 20 | I79: 0 | J79: 950 | K79: 0 | L79: 0 | M79: =M74+1 -> 16 | N79: =ROUND(G79*1+H79*3/5,0) -> 18372
A80: 1000077 | B80: 3000 | C80: 3002 | D80: LV.1砾石沙漠 3-2 | E80: 2 | F80: 30022 | G80: 18960 | H80: 20 | I80: 0 | J80: 990 | K80: 0 | L80: 0 | M80: =M75+1 -> 16 | N80: =ROUND(G80*1+H80*3/5,0) -> 18972
A81: 1000078 | B81: 3000 | C81: 3002 | D81: LV.1砾石沙漠 3-2 | E81: 3 | F81: 30023 | G81: 19560 | H81: 20 | I81: 0 | J81: 1030 | K81: 0 | L81: 0 | M81: =M76+1 -> 16 | N81: =ROUND(G81*1+H81*3/5,0) -> 19572
A82: 1000079 | B82: 3000 | C82: 3002 | D82: LV.1砾石沙漠 3-2 | E82: 4 | F82: 30024 | G82: 20160 | H82: 20 | I82: 0 | J82: 1070 | K82: 0 | L82: 0 | M82: =M77+1 -> 16 | N82: =ROUND(G82*1+H82*3/5,0) -> 20172
A83: 1000080 | B83: 3000 | C83: 3002 | D83: LV.1砾石沙漠 3-2 | E83: 5 | F83: 30025 | G83: 103800 | H83: 105 | I83: 10000001,3|1000,100 | J83: 1110 | K83: 0 | L83: 10000001,1,5000 | M83: =M78+1 -> 16 | N83: =ROUND(G83*1+H83*3/5,0) -> 103863
A84: 1000081 | B84: 3000 | C84: 3003 | D84: LV.1砾石沙漠 3-3 | E84: 1 | F84: 30031 | G84: 21360 | H84: 21 | I84: 0 | J84: 1150 | K84: 0 | L84: 0 | M84: =M79+1 -> 17 | N84: =ROUND(G84*1+H84*3/5,0) -> 21373
A85: 1000082 | B85: 3000 | C85: 3003 | D85: LV.1砾石沙漠 3-3 | E85: 2 | F85: 30032 | G85: 21960 | H85: 22 | I85: 0 | J85: 1190 | K85: 0 | L85: 0 | M85: =M80+1 -> 17 | N85: =ROUND(G85*1+H85*3/5,0) -> 21973
A86: 1000083 | B86: 3000 | C86: 3003 | D86: LV.1砾石沙漠 3-3 | E86: 3 | F86: 30033 | G86: 22560 | H86: 23 | I86: 0 | J86: 1230 | K86: 0 | L86: 0 | M86: =M81+1 -> 17 | N86: =ROUND(G86*1+H86*3/5,0) -> 22574
A87: 1000084 | B87: 3000 | C87: 3003 | D87: LV.1砾石沙漠 3-3 | E87: 4 | F87: 30034 | G87: 23160 | H87: 24 | I87: 0 | J87: 1270 | K87: 0 | L87: 0 | M87: =M82+1 -> 17 | N87: =ROUND(G87*1+H87*3/5,0) -> 23174
A88: 1000085 | B88: 3000 | C88: 3003 | D88: LV.1砾石沙漠 3-3 | E88: 5 | F88: 30035 | G88: 118800 | H88: 120 | I88: 10000001,3|1000,100 | J88: 1310 | K88: 0 | L88: 10000001,1,5000 | M88: =M83+1 -> 17 | N88: =ROUND(G88*1+H88*3/5,0) -> 118872
A89: 1000086 | B89: 3000 | C89: 3004 | D89: LV.1砾石沙漠 3-4 | E89: 1 | F89: 30041 | G89: 24360 | H89: 25 | I89: 0 | J89: 1350 | K89: 0 | L89: 0 | M89: =M84+1 -> 18 | N89: =ROUND(G89*1+H89*3/5,0) -> 24375
A90: 1000087 | B90: 3000 | C90: 3004 | D90: LV.1砾石沙漠 3-4 | E90: 2 | F90: 30042 | G90: 24960 | H90: 26 | I90: 0 | J90: 1390 | K90: 0 | L90: 0 | M90: =M85+1 -> 18 | N90: =ROUND(G90*1+H90*3/5,0) -> 24976
A91: 1000088 | B91: 3000 | C91: 3004 | D91: LV.1砾石沙漠 3-4 | E91: 3 | F91: 30043 | G91: 25560 | H91: 27 | I91: 0 | J91: 1430 | K91: 0 | L91: 0 | M91: =M86+1 -> 18 | N91: =ROUND(G91*1+H91*3/5,0) -> 25576
A92: 1000089 | B92: 3000 | C92: 3004 | D92: LV.1砾石沙漠 3-4 | E92: 4 | F92: 30044 | G92: 26160 | H92: 28 | I92: 0 | J92: 1470 | K92: 0 | L92: 0 | M92: =M87+1 -> 18 | N92: =ROUND(G92*1+H92*3/5,0) -> 26177
A93: 1000090 | B93: 3000 | C93: 3004 | D93: LV.1砾石沙漠 3-4 | E93: 5 | F93: 30045 | G93: 133800 | H93: 145 | I93: 10000001,3|1000,100 | J93: 1510 | K93: 0 | L93: 10000001,1,5000 | M93: =M88+1 -> 18 | N93: =ROUND(G93*1+H93*3/5,0) -> 133887
A94: 1000091 | B94: 3000 | C94: 3005 | D94: LV.1砾石沙漠 3-5 | E94: 1 | F94: 30051 | G94: 27360 | H94: 30 | I94: 0 | J94: 1550 | K94: 0 | L94: 0 | M94: =M89+1 -> 19 | N94: =ROUND(G94*1+H94*3/5,0) -> 27378
A95: 1000092 | B95: 3000 | C95: 3005 | D95: LV.1砾石沙漠 3-5 | E95: 2 | F95: 30052 | G95: 27960 | H95: 31 | I95: 0 | J95: 1590 | K95: 0 | L95: 0 | M95: =M90+1 -> 19 | N95: =ROUND(G95*1+H95*3/5,0) -> 27979
A96: 1000093 | B96: 3000 | C96: 3005 | D96: LV.1砾石沙漠 3-5 | E96: 3 | F96: 30053 | G96: 28560 | H96: 32 | I96: 0 | J96: 1630 | K96: 0 | L96: 0 | M96: =M91+1 -> 19 | N96: =ROUND(G96*1+H96*3/5,0) -> 28579
A97: 1000094 | B97: 3000 | C97: 3005 | D97: LV.1砾石沙漠 3-5 | E97: 4 | F97: 30054 | G97: 29160 | H97: 33 | I97: 0 | J97: 1670 | K97: 0 | L97: 0 | M97: =M92+1 -> 19 | N97: =ROUND(G97*1+H97*3/5,0) -> 29180
A98: 1000095 | B98: 3000 | C98: 3005 | D98: LV.1砾石沙漠 3-5 | E98: 5 | F98: 30055 | G98: 148800 | H98: 170 | I98: 10000001,3|1000,100 | J98: 1710 | K98: 0 | L98: 10000001,1,5000 | M98: =M93+1 -> 19 | N98: =ROUND(G98*1+H98*3/5,0) -> 148902
A99: 1000096 | B99: 3000 | C99: 3006 | D99: LV.1砾石沙漠 3-6 | E99: 1 | F99: 30061 | G99: 30360 | H99: 35 | I99: 0 | J99: 1750 | K99: 0 | L99: 0 | M99: =M94+1 -> 20 | N99: =ROUND(G99*1+H99*3/5,0) -> 30381
A100: 1000097 | B100: 3000 | C100: 3006 | D100: LV.1砾石沙漠 3-6 | E100: 2 | F100: 30062 | G100: 30960 | H100: 37 | I100: 0 | J100: 1790 | K100: 0 | L100: 0 | M100: =M95+1 -> 20 | N100: =ROUND(G100*1+H100*3/5,0) -> 30982
...

Sheet Sheet3
C9: 1 | D9: LV. | E9: 1 | F9: 原野森林 | K9: 1-1
C10: 2 | D10: LV. | E10: 1 | F10: 熔炉火山 | K10: 1-2
C11: 3 | D11: LV. | E11: 1 | F11: 砾石沙漠 | K11: 1-3
C12: 4 | D12: LV. | E12: 1 | F12: 埋骨高地 | K12: 1-4
C13: 5 | D13: LV. | E13: 1 | F13: 失落之都 | K13: 1-5
C14: 6 | D14: LV. | E14: 1 | F14: 极地冰原 | K14: 1-6
C15: 7 | D15: LV. | E15: =E9+1 -> 2 | F15: =F9 -> 原野森林 | K15: 2-1
C16: 8 | D16: LV. | E16: =E10+1 -> 2 | F16: =F10 -> 熔炉火山 | K16: 2-2
C17: 9 | D17: LV. | E17: =E11+1 -> 2 | F17: =F11 -> 砾石沙漠 | K17: 2-3
C18: 10 | D18: LV. | E18: =E12+1 -> 2 | F18: =F12 -> 埋骨高地 | K18: 2-4
C19: 11 | D19: LV. | E19: =E13+1 -> 2 | F19: =F13 -> 失落之都 | K19: 2-5
C20: 12 | D20: LV. | E20: =E14+1 -> 2 | F20: =F14 -> 极地冰原 | K20: 2-6
C21: 13 | D21: LV. | E21: =E15+1 -> 3 | F21: =F15 -> 原野森林
C22: 14 | D22: LV. | E22: =E16+1 -> 3 | F22: =F16 -> 熔炉火山
C23: 15 | D23: LV. | E23: =E17+1 -> 3 | F23: =F17 -> 砾石沙漠
C24: 16 | D24: LV. | E24: =E18+1 -> 3 | F24: =F18 -> 埋骨高地
C25: 17 | D25: LV. | E25: =E19+1 -> 3 | F25: =F19 -> 失落之都
C26: 18 | D26: LV. | E26: =E20+1 -> 3 | F26: =F20 -> 极地冰原
C27: 19 | D27: LV. | E27: =E21+1 -> 4 | F27: =F21 -> 原野森林
C28: 20 | D28: LV. | E28: =E22+1 -> 4 | F28: =F22 -> 熔炉火山
C29: 21 | D29: LV. | E29: =E23+1 -> 4 | F29: =F23 -> 砾石沙漠
C30: 22 | D30: LV. | E30: =E24+1 -> 4 | F30: =F24 -> 埋骨高地
C31: 23 | D31: LV. | E31: =E25+1 -> 4 | F31: =F25 -> 失落之都
C32: 24 | D32: LV. | E32: =E26+1 -> 4 | F32: =F26 -> 极地冰原
... C308: 300 | D308: LV. | E308: =E302+1 -> 50 | F308: =F302 -> 极地冰原
