Workbook

Sheet Sheet1
A1: Id | B1: Chapter | C1: LevelId | D1: Name_Note | E1: Node | F1: MonsterData | G1: HarmType | H1: EntryNumber | I1: EntryGroup | J1: PhysicalAtk | K1: MagicAtk | L1: SorceryAtk | M1: PhysicalDef | N1: MagicDef | O1: SorceryDef | P1: Hp | Q1: Reply | R1: Note1
A2: Int | B2: Int | C2: Int | D2: String | E2: Int | F2: Int | G2: Int | H2: Int | I2: Int | J2: String | K2: String | L2: String | M2: String | N2: String | O2: String | P2: String | Q2: String | R2: String
A3: 序ID | B3: 章节ID | C3: 关卡ID | D3: <c>关卡名称 | E3: 关卡节点 | F3: 关卡刷怪数据 | G3: 伤害类型 | H3: 词条数量 | I3: 词条组 | J3: 物理伤害 | K3: 魔法伤害 | L3: 道术伤害 | M3: 物理防御 | N3: 魔法防御 | O3: 道术防御 | P3: 生命值 | Q3: 生命恢复 | R3: <c>关卡系数
A4: =[1]Sheet1!A4 -> 101010011 | B4: 1 | C4: =[1]Sheet1!C4 -> 1001 | D4: =[1]Sheet1!D4 -> 1001 | E4: 1 | F4: 10011 | G4: 1 | H4: 0 | I4: 4 | J4: =VLOOKUP($A:$A,[2]关卡难度!$A:$M,13,2)*R4 -> 1 | K4: =J4 -> 1 | L4: =K4 -> 1 | M4: 0 | N4: =M4 -> 0 | O4: =M4 -> 0 | P4: =VLOOKUP($A:$A,[2]关卡难度!$A:$M,11,2)*R4 -> 35 | Q4: 0 | R4: 1
A5: =[1]Sheet1!A5 -> 101010012 | B5: 1 | C5: =[1]Sheet1!C5 -> 1001 | D5: =[1]Sheet1!D5 -> 1001 | E5: 2 | F5: 10012 | G5: 1 | H5: 0 | I5: 4 | J5: =VLOOKUP($A:$A,[2]关卡难度!$A:$M,13,2)*R5 -> 1 | K5: =J5 -> 1 | L5: =K5 -> 1 | M5: 0 | N5: =M5 -> 0 | O5: =M5 -> 0 | P5: =VLOOKUP($A:$A,[2]关卡难度!$A:$M,11,2)*R5 -> 35 | Q5: 0 | R5: 1
A6: =[1]Sheet1!A6 -> 101010013 | B6: 1 | C6: =[1]Sheet1!C6 -> 1001 | D6: =[1]Sheet1!D6 -> 1001 | E6: 3 | F6: 10013 | G6: 1 | H6: 0 | I6: 4 | J6: =VLOOKUP($A:$A,[2]关卡难度!$A:$M,13,2)*R6 -> 1 | K6: =J6 -> 1 | L6: =K6 -> 1 | M6: 0 | N6: =M6 -> 0 | O6: =M6 -> 0 | P6: =VLOOKUP($A:$A,[2]关卡难度!$A:$M,11,2)*R6 -> 35 | Q6: 0 | R6: 1
A7: =[1]Sheet1!A7 -> 101010014 | B7: 1 | C7: =[1]Sheet1!C7 -> 1001 | D7: =[1]Sheet1!D7 -> 1001 | E7: 4 | F7: 10014 | G7: 1 | H7: 0 | I7: 4 | J7: =VLOOKUP($A:$A,[2]关卡难度!$A:$M,13,2)*R7 -> 1 | K7: =J7 -> 1 | L7: =K7 -> 1 | M7: 0 | N7: =M7 -> 0 | O7: =M7 -> 0 | P7: =VLOOKUP($A:$A,[2]关卡难度!$A:$M,11,2)*R7 -> 35 | Q7: 0 | R7: 1
A8: =[1]Sheet1!A8 -> 101010015 | B8: 1 | C8: =[1]Sheet1!C8 -> 1001 | D8: =[1]Sheet1!D8 -> 1001 | E8: 5 | F8: 10015 | G8: 1 | H8: 0 | I8: 4 | J8: =VLOOKUP($A:$A,[2]关卡难度!$A:$M,13,2)*R8 -> 2 | K8: =J8 -> 2 | L8: =K8 -> 2 | M8: 0 | N8: =M8 -> 0 | O8: =M8 -> 0 | P8: =VLOOKUP($A:$A,[2]关卡难度!$A:$M,11,2)*R8 -> 70 | Q8: 0 | R8: 2
A9: =[1]Sheet1!A9 -> 101010021 | B9: 1 | C9: =[1]Sheet1!C9 -> 1002 | D9: =[1]Sheet1!D9 -> 1002 | E9: 1 | F9: 10021 | G9: 2 | H9: 0 | I9: 4 | J9: =VLOOKUP($A:$A,[2]关卡难度!$A:$M,13,2)*R9 -> 1 | K9: =J9 -> 1 | L9: =K9 -> 1 | M9: 0 | N9: =M9 -> 0 | O9: =M9 -> 0 | P9: =VLOOKUP($A:$A,[2]关卡难度!$A:$M,11,2)*R9 -> 242 | Q9: 0 | R9: =R4 -> 1
A10: =[1]Sheet1!A10 -> 101010022 | B10: 1 | C10: =[1]Sheet1!C10 -> 1002 | D10: =[1]Sheet1!D10 -> 1002 | E10: 2 | F10: 10022 | G10: 2 | H10: 0 | I10: 4 | J10: =VLOOKUP($A:$A,[2]关卡难度!$A:$M,13,2)*R10 -> 1 | K10: =J10 -> 1 | L10: =K10 -> 1 | M10: 0 | N10: =M10 -> 0 | O10: =M10 -> 0 | P10: =VLOOKUP($A:$A,[2]关卡难度!$A:$M,11,2)*R10 -> 242 | Q10: 0 | R10: =R5 -> 1
A11: =[1]Sheet1!A11 -> 101010023 | B11: 1 | C11: =[1]Sheet1!C11 -> 1002 | D11: =[1]Sheet1!D11 -> 1002 | E11: 3 | F11: 10023 | G11: 2 | H11: 0 | I11: 4 | J11: =VLOOKUP($A:$A,[2]关卡难度!$A:$M,13,2)*R11 -> 1 | K11: =J11 -> 1 | L11: =K11 -> 1 | M11: 0 | N11: =M11 -> 0 | O11: =M11 -> 0 | P11: =VLOOKUP($A:$A,[2]关卡难度!$A:$M,11,2)*R11 -> 242 | Q11: 0 | R11: =R6 -> 1
A12: =[1]Sheet1!A12 -> 101010024 | B12: 1 | C12: =[1]Sheet1!C12 -> 1002 | D12: =[1]Sheet1!D12 -> 1002 | E12: 4 | F12: 10024 | G12: 2 | H12: 0 | I12: 4 | J12: =VLOOKUP($A:$A,[2]关卡难度!$A:$M,13,2)*R12 -> 1 | K12: =J12 -> 1 | L12: =K12 -> 1 | M12: 0 | N12: =M12 -> 0 | O12: =M12 -> 0 | P12: =VLOOKUP($A:$A,[2]关卡难度!$A:$M,11,2)*R12 -> 242 | Q12: 0 | R12: =R7 -> 1
A13: =[1]Sheet1!A13 -> 101010025 | B13: 1 | C13: =[1]Sheet1!C13 -> 1002 | D13: =[1]Sheet1!D13 -> 1002 | E13: 5 | F13: 10025 | G13: 2 | H13: 0 | I13: 4 | J13: =VLOOKUP($A:$A,[2]关卡难度!$A:$M,13,2)*R13 -> 2 | K13: =J13 -> 2 | L13: =K13 -> 2 | M13: 0 | N13: =M13 -> 0 | O13: =M13 -> 0 | P13: =VLOOKUP($A:$A,[2]关卡难度!$A:$M,11,2)*R13 -> 484 | Q13: 0 | R13: 2
A14: =[1]Sheet1!A14 -> 101010031 | B14: 1 | C14: =[1]Sheet1!C14 -> 1003 | D14: =[1]Sheet1!D14 -> 1003 | E14: 1 | F14: 10031 | G14: 3 | H14: 0 | I14: 4 | J14: =VLOOKUP($A:$A,[2]关卡难度!$A:$M,13,2)*R14 -> 36 | K14: =J14 -> 36 | L14: =K14 -> 36 | M14: 0 | N14: =M14 -> 0 | O14: =M14 -> 0 | P14: =VLOOKUP($A:$A,[2]关卡难度!$A:$M,11,2)*R14 -> 726 | Q14: 0 | R14: =R9 -> 1
A15: =[1]Sheet1!A15 -> 101010032 | B15: 1 | C15: =[1]Sheet1!C15 -> 1003 | D15: =[1]Sheet1!D15 -> 1003 | E15: 2 | F15: 10032 | G15: 3 | H15: 0 | I15: 4 | J15: =VLOOKUP($A:$A,[2]关卡难度!$A:$M,13,2)*R15 -> 36 | K15: =J15 -> 36 | L15: =K15 -> 36 | M15: 0 | N15: =M15 -> 0 | O15: =M15 -> 0 | P15: =VLOOKUP($A:$A,[2]关卡难度!$A:$M,11,2)*R15 -> 726 | Q15: 0 | R15: =R10 -> 1
A16: =[1]Sheet1!A16 -> 101010033 | B16: 1 | C16: =[1]Sheet1!C16 -> 1003 | D16: =[1]Sheet1!D16 -> 1003 | E16: 3 | F16: 10033 | G16: 3 | H16: 0 | I16: 4 | J16: =VLOOKUP($A:$A,[2]关卡难度!$A:$M,13,2)*R16 -> 36 | K16: =J16 -> 36 | L16: =K16 -> 36 | M16: 0 | N16: =M16 -> 0 | O16: =M16 -> 0 | P16: =VLOOKUP($A:$A,[2]关卡难度!$A:$M,11,2)*R16 -> 726 | Q16: 0 | R16: =R11 -> 1
A17: =[1]Sheet1!A17 -> 101010034 | B17: 1 | C17: =[1]Sheet1!C17 -> 1003 | D17: =[1]Sheet1!D17 -> 1003 | E17: 4 | F17: 10034 | G17: 3 | H17: 0 | I17: 4 | J17: =VLOOKUP($A:$A,[2]关卡难度!$A:$M,13,2)*R17 -> 36 | K17: =J17 -> 36 | L17: =K17 -> 36 | M17: 0 | N17: =M17 -> 0 | O17: =M17 -> 0 | P17: =VLOOKUP($A:$A,[2]关卡难度!$A:$M,11,2)*R17 -> 726 | Q17: 0 | R17: =R12 -> 1
A18: =[1]Sheet1!A18 -> 101010035 | B18: 1 | C18: =[1]Sheet1!C18 -> 1003 | D18: =[1]Sheet1!D18 -> 1003 | E18: 5 | F18: 10035 | G18: 3 | H18: 0 | I18: 4 | J18: =VLOOKUP($A:$A,[2]关卡难度!$A:$M,13,2)*R18 -> 72 | K18: =J18 -> 72 | L18: =K18 -> 72 | M18: 0 | N18: =M18 -> 0 | O18: =M18 -> 0 | P18: =VLOOKUP($A:$A,[2]关卡难度!$A:$M,11,2)*R18 -> 1452 | Q18: 0 | R18: 2
A19: =[1]Sheet1!A19 -> 101010041 | B19: 1 | C19: =[1]Sheet1!C19 -> 1004 | D19: =[1]Sheet1!D19 -> 1004 | E19: 1 | F19: 10041 | G19: =G4 -> 1 | H19: 0 | I19: 4 | J19: =VLOOKUP($A:$A,[2]关卡难度!$A:$M,13,2)*R19 -> 69 | K19: =J19 -> 69 | L19: =K19 -> 69 | M19: 0 | N19: =M19 -> 0 | O19: =M19 -> 0 | P19: =VLOOKUP($A:$A,[2]关卡难度!$A:$M,11,2)*R19 -> 1377 | Q19: 0 | R19: =R14 -> 1
A20: =[1]Sheet1!A20 -> 101010042 | B20: 1 | C20: =[1]Sheet1!C20 -> 1004 | D20: =[1]Sheet1!D20 -> 1004 | E20: 2 | F20: 10042 | G20: =G5 -> 1 | H20: 0 | I20: 4 | J20: =VLOOKUP($A:$A,[2]关卡难度!$A:$M,13,2)*R20 -> 69 | K20: =J20 -> 69 | L20: =K20 -> 69 | M20: 0 | N20: =M20 -> 0 | O20: =M20 -> 0 | P20: =VLOOKUP($A:$A,[2]关卡难度!$A:$M,11,2)*R20 -> 1377 | Q20: 0 | R20: =R15 -> 1
A21: =[1]Sheet1!A21 -> 101010043 | B21: 1 | C21: =[1]Sheet1!C21 -> 1004 | D21: =[1]Sheet1!D21 -> 1004 | E21: 3 | F21: 10043 | G21: =G6 -> 1 | H21: 0 | I21: 4 | J21: =VLOOKUP($A:$A,[2]关卡难度!$A:$M,13,2)*R21 -> 69 | K21: =J21 -> 69 | L21: =K21 -> 69 | M21: 0 | N21: =M21 -> 0 | O21: =M21 -> 0 | P21: =VLOOKUP($A:$A,[2]关卡难度!$A:$M,11,2)*R21 -> 1377 | Q21: 0 | R21: =R16 -> 1
A22: =[1]Sheet1!A22 -> 101010044 | B22: 1 | C22: =[1]Sheet1!C22 -> 1004 | D22: =[1]Sheet1!D22 -> 1004 | E22: 4 | F22: 10044 | G22: =G7 -> 1 | H22: 0 | I22: 4 | J22: =VLOOKUP($A:$A,[2]关卡难度!$A:$M,13,2)*R22 -> 69 | K22: =J22 -> 69 | L22: =K22 -> 69 | M22: 0 | N22: =M22 -> 0 | O22: =M22 -> 0 | P22: =VLOOKUP($A:$A,[2]关卡难度!$A:$M,11,2)*R22 -> 1377 | Q22: 0 | R22: =R17 -> 1
A23: =[1]Sheet1!A23 -> 101010045 | B23: 1 | C23: =[1]Sheet1!C23 -> 1004 | D23: =[1]Sheet1!D23 -> 1004 | E23: 5 | F23: 10045 | G23: =G8 -> 1 | H23: 0 | I23: 4 | J23: =VLOOKUP($A:$A,[2]关卡难度!$A:$M,13,2)*R23 -> 138 | K23: =J23 -> 138 | L23: =K23 -> 138 | M23: 0 | N23: =M23 -> 0 | O23: =M23 -> 0 | P23: =VLOOKUP($A:$A,[2]关卡难度!$A:$M,11,2)*R23 -> 2754 | Q23: 0 | R23: =R18 -> 2
A24: =[1]Sheet1!A24 -> 101010051 | B24: 1 | C24: =[1]Sheet1!C24 -> 1005 | D24: =[1]Sheet1!D24 -> 1005 | E24: 1 | F24: 10051 | G24: =G9 -> 2 | H24: 0 | I24: 4 | J24: =VLOOKUP($A:$A,[2]关卡难度!$A:$M,13,2)*R24 -> 113 | K24: =J24 -> 113 | L24: =K24 -> 113 | M24: 0 | N24: =M24 -> 0 | O24: =M24 -> 0 | P24: =VLOOKUP($A:$A,[2]关卡难度!$A:$M,11,2)*R24 -> 2277 | Q24: 0 | R24: =R19 -> 1
A25: =[1]Sheet1!A25 -> 101010052 | B25: 1 | C25: =[1]Sheet1!C25 -> 1005 | D25: =[1]Sheet1!D25 -> 1005 | E25: 2 | F25: 10052 | G25: =G10 -> 2 | H25: 0 | I25: 4 | J25: =VLOOKUP($A:$A,[2]关卡难度!$A:$M,13,2)*R25 -> 113 | K25: =J25 -> 113 | L25: =K25 -> 113 | M25: 0 | N25: =M25 -> 0 | O25: =M25 -> 0 | P25: =VLOOKUP($A:$A,[2]关卡难度!$A:$M,11,2)*R25 -> 2277 | Q25: 0 | R25: =R20 -> 1
A26: =[1]Sheet1!A26 -> 101010053 | B26: 1 | C26: =[1]Sheet1!C26 -> 1005 | D26: =[1]Sheet1!D26 -> 1005 | E26: 3 | F26: 10053 | G26: =G11 -> 2 | H26: 0 | I26: 4 | J26: =VLOOKUP($A:$A,[2]关卡难度!$A:$M,13,2)*R26 -> 113 | K26: =J26 -> 113 | L26: =K26 -> 113 | M26: 0 | N26: =M26 -> 0 | O26: =M26 -> 0 | P26: =VLOOKUP($A:$A,[2]关卡难度!$A:$M,11,2)*R26 -> 2277 | Q26: 0 | R26: =R21 -> 1
A27: =[1]Sheet1!A27 -> 101010054 | B27: 1 | C27: =[1]Sheet1!C27 -> 1005 | D27: =[1]Sheet1!D27 -> 1005 | E27: 4 | F27: 10054 | G27: =G12 -> 2 | H27: 0 | I27: 4 | J27: =VLOOKUP($A:$A,[2]关卡难度!$A:$M,13,2)*R27 -> 113 | K27: =J27 -> 113 | L27: =K27 -> 113 | M27: 0 | N27: =M27 -> 0 | O27: =M27 -> 0 | P27: =VLOOKUP($A:$A,[2]关卡难度!$A:$M,11,2)*R27 -> 2277 | Q27: 0 | R27: =R22 -> 1
A28: =[1]Sheet1!A28 -> 101010055 | B28: 1 | C28: =[1]Sheet1!C28 -> 1005 | D28: =[1]Sheet1!D28 -> 1005 | E28: 5 | F28: 10055 | G28: =G13 -> 2 | H28: 0 | I28: 4 | J28: =VLOOKUP($A:$A,[2]关卡难度!$A:$M,13,2)*R28 -> 226 | K28: =J28 -> 226 | L28: =K28 -> 226 | M28: 0 | N28: =M28 -> 0 | O28: =M28 -> 0 | P28: =VLOOKUP($A:$A,[2]关卡难度!$A:$M,11,2)*R28 -> 4554 | Q28: 0 | R28: =R23 -> 2
A29: =[1]Sheet1!A29 -> 101010061 | B29: 1 | C29: =[1]Sheet1!C29 -> 1006 | D29: =[1]Sheet1!D29 -> 1006 | E29: 1 | F29: =F24+10 -> 10061 | G29: =G14 -> 3 | H29: 0 | I29: 4 | J29: =VLOOKUP($A:$A,[2]关卡难度!$A:$M,13,2)*R29 -> 258 | K29: =J29 -> 258 | L29: =K29 -> 258 | M29: 0 | N29: =M29 -> 0 | O29: =M29 -> 0 | P29: =VLOOKUP($A:$A,[2]关卡难度!$A:$M,11,2)*R29 -> 5958 | Q29: 0 | R29: =R24 -> 1
A30: =[1]Sheet1!A30 -> 101010062 | B30: 1 | C30: =[1]Sheet1!C30 -> 1006 | D30: =[1]Sheet1!D30 -> 1006 | E30: 2 | F30: =F25+10 -> 10062 | G30: =G15 -> 3 | H30: 0 | I30: 4 | J30: =VLOOKUP($A:$A,[2]关卡难度!$A:$M,13,2)*R30 -> 258 | K30: =J30 -> 258 | L30: =K30 -> 258 | M30: 0 | N30: =M30 -> 0 | O30: =M30 -> 0 | P30: =VLOOKUP($A:$A,[2]关卡难度!$A:$M,11,2)*R30 -> 5958 | Q30: 0 | R30: =R25 -> 1
A31: =[1]Sheet1!A31 -> 101010063 | B31: 1 | C31: =[1]Sheet1!C31 -> 1006 | D31: =[1]Sheet1!D31 -> 1006 | E31: 3 | F31: =F26+10 -> 10063 | G31: =G16 -> 3 | H31: 0 | I31: 4 | J31: =VLOOKUP($A:$A,[2]关卡难度!$A:$M,13,2)*R31 -> 258 | K31: =J31 -> 258 | L31: =K31 -> 258 | M31: 0 | N31: =M31 -> 0 | O31: =M31 -> 0 | P31: =VLOOKUP($A:$A,[2]关卡难度!$A:$M,11,2)*R31 -> 5958 | Q31: 0 | R31: =R26 -> 1
A32: =[1]Sheet1!A32 -> 101010064 | B32: 1 | C32: =[1]Sheet1!C32 -> 1006 | D32: =[1]Sheet1!D32 -> 1006 | E32: 4 | F32: =F27+10 -> 10064 | G32: =G17 -> 3 | H32: 0 | I32: 4 | J32: =VLOOKUP($A:$A,[2]关卡难度!$A:$M,13,2)*R32 -> 258 | K32: =J32 -> 258 | L32: =K32 -> 258 | M32: 0 | N32: =M32 -> 0 | O32: =M32 -> 0 | P32: =VLOOKUP($A:$A,[2]关卡难度!$A:$M,11,2)*R32 -> 5958 | Q32: 0 | R32: =R27 -> 1
A33: =[1]Sheet1!A33 -> 101010065 | B33: 1 | C33: =[1]Sheet1!C33 -> 1006 | D33: =[1]Sheet1!D33 -> 1006 | E33: 5 | F33: =F28+10 -> 10065 | G33: =G18 -> 3 | H33: 0 | I33: 4 | J33: =VLOOKUP($A:$A,[2]关卡难度!$A:$M,13,2)*R33 -> 516 | K33: =J33 -> 516 | L33: =K33 -> 516 | M33: 0 | N33: =M33 -> 0 | O33: =M33 -> 0 | P33: =VLOOKUP($A:$A,[2]关卡难度!$A:$M,11,2)*R33 -> 11916 | Q33: 0 | R33: =R28 -> 2
A34: =[1]Sheet1!A34 -> 101010071 | B34: 1 | C34: =[1]Sheet1!C34 -> 1007 | D34: =[1]Sheet1!D34 -> 1007 | E34: 1 | F34: =F29+10 -> 10071 | G34: =G19 -> 1 | H34: 0 | I34: 4 | J34: =VLOOKUP($A:$A,[2]关卡难度!$A:$M,13,2)*R34 -> 421 | K34: =J34 -> 421 | L34: =K34 -> 421 | M34: 0 | N34: =M34 -> 0 | O34: =M34 -> 0 | P34: =VLOOKUP($A:$A,[2]关卡难度!$A:$M,11,2)*R34 -> 9732 | Q34: 0 | R34: =R29 -> 1
A35: =[1]Sheet1!A35 -> 101010072 | B35: 1 | C35: =[1]Sheet1!C35 -> 1007 | D35: =[1]Sheet1!D35 -> 1007 | E35: 2 | F35: =F30+10 -> 10072 | G35: =G20 -> 1 | H35: 0 | I35: 4 | J35: =VLOOKUP($A:$A,[2]关卡难度!$A:$M,13,2)*R35 -> 421 | K35: =J35 -> 421 | L35: =K35 -> 421 | M35: 0 | N35: =M35 -> 0 | O35: =M35 -> 0 | P35: =VLOOKUP($A:$A,[2]关卡难度!$A:$M,11,2)*R35 -> 9732 | Q35: 0 | R35: =R30 -> 1
A36: =[1]Sheet1!A36 -> 101010073 | B36: 1 | C36: =[1]Sheet1!C36 -> 1007 | D36: =[1]Sheet1!D36 -> 1007 | E36: 3 | F36: =F31+10 -> 10073 | G36: =G21 -> 1 | H36: 0 | I36: 4 | J36: =VLOOKUP($A:$A,[2]关卡难度!$A:$M,13,2)*R36 -> 421 | K36: =J36 -> 421 | L36: =K36 -> 421 | M36: 0 | N36: =M36 -> 0 | O36: =M36 -> 0 | P36: =VLOOKUP($A:$A,[2]关卡难度!$A:$M,11,2)*R36 -> 9732 | Q36: 0 | R36: =R31 -> 1
A37: =[1]Sheet1!A37 -> 101010074 | B37: 1 | C37: =[1]Sheet1!C37 -> 1007 | D37: =[1]Sheet1!D37 -> 1007 | E37: 4 | F37: =F32+10 -> 10074 | G37: =G22 -> 1 | H37: 0 | I37: 4 | J37: =VLOOKUP($A:$A,[2]关卡难度!$A:$M,13,2)*R37 -> 421 | K37: =J37 -> 421 | L37: =K37 -> 421 | M37: 0 | N37: =M37 -> 0 | O37: =M37 -> 0 | P37: =VLOOKUP($A:$A,[2]关卡难度!$A:$M,11,2)*R37 -> 9732 | Q37: 0 | R37: =R32 -> 1
A38: =[1]Sheet1!A38 -> 101010075 | B38: 1 | C38: =[1]Sheet1!C38 -> 1007 | D38: =[1]Sheet1!D38 -> 1007 | E38: 5 | F38: =F33+10 -> 10075 | G38: =G23 -> 1 | H38: 0 | I38: 4 | J38: =VLOOKUP($A:$A,[2]关卡难度!$A:$M,13,2)*R38 -> 842 | K38: =J38 -> 842 | L38: =K38 -> 842 | M38: 0 | N38: =M38 -> 0 | O38: =M38 -> 0 | P38: =VLOOKUP($A:$A,[2]关卡难度!$A:$M,11,2)*R38 -> 19464 | Q38: 0 | R38: =R33 -> 2
A39: =[1]Sheet1!A39 -> 101010081 | B39: 1 | C39: =[1]Sheet1!C39 -> 1008 | D39: =[1]Sheet1!D39 -> 1008 | E39: 1 | F39: =F34+10 -> 10081 | G39: =G24 -> 2 | H39: 0 | I39: 4 | J39: =VLOOKUP($A:$A,[2]关卡难度!$A:$M,13,2)*R39 -> 584 | K39: =J39 -> 584 | L39: =K39 -> 584 | M39: 0 | N39: =M39 -> 0 | O39: =M39 -> 0 | P39: =VLOOKUP($A:$A,[2]关卡难度!$A:$M,11,2)*R39 -> 14043 | Q39: 0 | R39: =R34 -> 1
A40: =[1]Sheet1!A40 -> 101010082 | B40: 1 | C40: =[1]Sheet1!C40 -> 1008 | D40: =[1]Sheet1!D40 -> 1008 | E40: 2 | F40: =F35+10 -> 10082 | G40: =G25 -> 2 | H40: 0 | I40: 4 | J40: =VLOOKUP($A:$A,[2]关卡难度!$A:$M,13,2)*R40 -> 584 | K40: =J40 -> 584 | L40: =K40 -> 584 | M40: 0 | N40: =M40 -> 0 | O40: =M40 -> 0 | P40: =VLOOKUP($A:$A,[2]关卡难度!$A:$M,11,2)*R40 -> 14043 | Q40: 0 | R40: =R35 -> 1
... A53: =[1]Sheet1!A53 -> 101010105 | B53: 1 | C53: =[1]Sheet1!C53 -> 1010 | D53: =[1]Sheet1!D53 -> 1010 | E53: 5 | F53: =F48+10 -> 10105 | G53: =G38 -> 1 | H53: 0 | I53: 4 | J53: =VLOOKUP($A:$A,[2]关卡难度!$A:$M,13,2)*R53 -> 2050 | K53: =J53 -> 2050 | L53: =K53 -> 2050 | M53: 0 | N53: =M53 -> 0 | O53: =M53 -> 0 | P53: =VLOOKUP($A:$A,[2]关卡难度!$A:$M,11,2)*R53 -> 51702 | Q53: 0 | R53: =R48 -> 2
A54: =[1]Sheet1!A54 -> 101010111 | B54: 1 | C54: =[1]Sheet1!C54 -> 1011 | D54: =[1]Sheet1!D54 -> 1011 | E54: =E49 -> 1 | F54: =F49+10 -> 10111 | G54: =G39 -> 2 | H54: 0 | I54: 4 | J54: =VLOOKUP($A:$A,[2]关卡难度!$A:$M,13,2)*R54 -> 1714 | K54: =J54 -> 1714 | L54: =K54 -> 1714 | M54: 0 | N54: =M54 -> 0 | O54: =M54 -> 0 | P54: =VLOOKUP($A:$A,[2]关卡难度!$A:$M,11,2)*R54 -> 98700 | Q54: 0 | R54: =R49 -> 1
A55: =[1]Sheet1!A55 -> 101010112 | B55: 1 | C55: =[1]Sheet1!C55 -> 1011 | D55: =[1]Sheet1!D55 -> 1011 | E55: =E50 -> 2 | F55: =F50+10 -> 10112 | G55: =G40 -> 2 | H55: 0 | I55: 4 | J55: =VLOOKUP($A:$A,[2]关卡难度!$A:$M,13,2)*R55 -> 1714 | K55: =J55 -> 1714 | L55: =K55 -> 1714 | M55: 0 | N55: =M55 -> 0 | O55: =M55 -> 0 | P55: =VLOOKUP($A:$A,[2]关卡难度!$A:$M,11,2)*R55 -> 98700 | Q55: 0 | R55: =R50 -> 1
A56: =[1]Sheet1!A56 -> 101010113 | B56: 1 | C56: =[1]Sheet1!C56 -> 1011 | D56: =[1]Sheet1!D56 -> 1011 | E56: =E51 -> 3 | F56: =F51+10 -> 10113 | G56: =G41 -> 2 | H56: 0 | I56: 4 | J56: =VLOOKUP($A:$A,[2]关卡难度!$A:$M,13,2)*R56 -> 1714 | K56: =J56 -> 1714 | L56: =K56 -> 1714 | M56: 0 | N56: =M56 -> 0 | O56: =M56 -> 0 | P56: =VLOOKUP($A:$A,[2]关卡难度!$A:$M,11,2)*R56 -> 98700 | Q56: 0 | R56: =R51 -> 1
A57: =[1]Sheet1!A57 -> 101010114 | B57: 1 | C57: =[1]Sheet1!C57 -> 1011 | D57: =[1]Sheet1!D57 -> 1011 | E57: =E52 -> 4 | F57: =F52+10 -> 10114 | G57: =G42 -> 2 | H57: 0 | I57: 4 | J57: =VLOOKUP($A:$A,[2]关卡难度!$A:$M,13,2)*R57 -> 1714 | K57: =J57 -> 1714 | L57: =K57 -> 1714 | M57: 0 | N57: =M57 -> 0 | O57: =M57 -> 0 | P57: =VLOOKUP($A:$A,[2]关卡难度!$A:$M,11,2)*R57 -> 98700 | Q57: 0 | R57: =R52 -> 1
A58: =[1]Sheet1!A58 -> 101010115 | B58: 1 | C58: =[1]Sheet1!C58 -> 1011 | D58: =[1]Sheet1!D58 -> 1011 | E58: =E53 -> 5 | F58: =F53+10 -> 10115 | G58: =G43 -> 2 | H58: 0 | I58: 4 | J58: =VLOOKUP($A:$A,[2]关卡难度!$A:$M,13,2)*R58 -> 5142 | K58: =J58 -> 5142 | L58: =K58 -> 5142 | M58: 0 | N58: =M58 -> 0 | O58: =M58 -> 0 | P58: =VLOOKUP($A:$A,[2]关卡难度!$A:$M,11,2)*R58 -> 296100 | Q58: 0 | R58: =R53+1 -> 3
A59: =[1]Sheet1!A59 -> 101010121 | B59: 1 | C59: =[1]Sheet1!C59 -> 1012 | D59: =[1]Sheet1!D59 -> 1012 | E59: =E54 -> 1 | F59: =F54+10 -> 10121 | G59: =G44 -> 3 | H59: 0 | I59: 4 | J59: =VLOOKUP($A:$A,[2]关卡难度!$A:$M,13,2)*R59 -> 2138 | K59: =J59 -> 2138 | L59: =K59 -> 2138 | M59: 0 | N59: =M59 -> 0 | O59: =M59 -> 0 | P59: =VLOOKUP($A:$A,[2]关卡难度!$A:$M,11,2)*R59 -> 123213 | Q59: 0 | R59: =R54 -> 1
A60: =[1]Sheet1!A60 -> 101010122 | B60: 1 | C60: =[1]Sheet1!C60 -> 1012 | D60: =[1]Sheet1!D60 -> 1012 | E60: =E55 -> 2 | F60: =F55+10 -> 10122 | G60: =G45 -> 3 | H60: 0 | I60: 4 | J60: =VLOOKUP($A:$A,[2]关卡难度!$A:$M,13,2)*R60 -> 2138 | K60: =J60 -> 2138 | L60: =K60 -> 2138 | M60: 0 | N60: =M60 -> 0 | O60: =M60 -> 0 | P60: =VLOOKUP($A:$A,[2]关卡难度!$A:$M,11,2)*R60 -> 123213 | Q60: 0 | R60: =R55 -> 1
A61: =[1]Sheet1!A61 -> 101010123 | B61: 1 | C61: =[1]Sheet1!C61 -> 1012 | D61: =[1]Sheet1!D61 -> 1012 | E61: =E56 -> 3 | F61: =F56+10 -> 10123 | G61: =G46 -> 3 | H61: 0 | I61: 4 | J61: =VLOOKUP($A:$A,[2]关卡难度!$A:$M,13,2)*R61 -> 2138 | K61: =J61 -> 2138 | L61: =K61 -> 2138 | M61: 0 | N61: =M61 -> 0 | O61: =M61 -> 0 | P61: =VLOOKUP($A:$A,[2]关卡难度!$A:$M,11,2)*R61 -> 123213 | Q61: 0 | R61: =R56 -> 1
A62: =[1]Sheet1!A62 -> 101010124 | B62: 1 | C62: =[1]Sheet1!C62 -> 1012 | D62: =[1]Sheet1!D62 -> 1012 | E62: =E57 -> 4 | F62: =F57+10 -> 10124 | G62: =G47 -> 3 | H62: 0 | I62: 4 | J62: =VLOOKUP($A:$A,[2]关卡难度!$A:$M,13,2)*R62 -> 2138 | K62: =J62 -> 2138 | L62: =K62 -> 2138 | M62: 0 | N62: =M62 -> 0 | O62: =M62 -> 0 | P62: =VLOOKUP($A:$A,[2]关卡难度!$A:$M,11,2)*R62 -> 123213 | Q62: 0 | R62: =R57 -> 1
A63: =[1]Sheet1!A63 -> 101010125 | B63: 1 | C63: =[1]Sheet1!C63 -> 1012 | D63: =[1]Sheet1!D63 -> 1012 | E63: =E58 -> 5 | F63: =F58+10 -> 10125 | G63: =G48 -> 3 | H63: 0 | I63: 4 | J63: =VLOOKUP($A:$A,[2]关卡难度!$A:$M,13,2)*R63 -> 6414 | K63: =J63 -> 6414 | L63: =K63 -> 6414 | M63: 0 | N63: =M63 -> 0 | O63: =M63 -> 0 | P63: =VLOOKUP($A:$A,[2]关卡难度!$A:$M,11,2)*R63 -> 369639 | Q63: 0 | R63: =R58 -> 3
A64: =[1]Sheet1!A64 -> 101010131 | B64: 1 | C64: =[1]Sheet1!C64 -> 1013 | D64: =[1]Sheet1!D64 -> 1013 | E64: =E59 -> 1 | F64: =F59+10 -> 10131 | G64: =G49 -> 1 | H64: 0 | I64: 4 | J64: =VLOOKUP($A:$A,[2]关卡难度!$A:$M,13,2)*R64 -> 2627 | K64: =J64 -> 2627 | L64: =K64 -> 2627 | M64: 0 | N64: =M64 -> 0 | O64: =M64 -> 0 | P64: =VLOOKUP($A:$A,[2]关卡难度!$A:$M,11,2)*R64 -> 286335 | Q64: 0 | R64: =R59 -> 1
A65: =[1]Sheet1!A65 -> 101010132 | B65: 1 | C65: =[1]Sheet1!C65 -> 1013 | D65: =[1]Sheet1!D65 -> 1013 | E65: =E60 -> 2 | F65: =F60+10 -> 10132 | G65: =G50 -> 1 | H65: 0 | I65: 4 | J65: =VLOOKUP($A:$A,[2]关卡难度!$A:$M,13,2)*R65 -> 2627 | K65: =J65 -> 2627 | L65: =K65 -> 2627 | M65: 0 | N65: =M65 -> 0 | O65: =M65 -> 0 | P65: =VLOOKUP($A:$A,[2]关卡难度!$A:$M,11,2)*R65 -> 286335 | Q65: 0 | R65: =R60 -> 1
A66: =[1]Sheet1!A66 -> 101010133 | B66: 1 | C66: =[1]Sheet1!C66 -> 1013 | D66: =[1]Sheet1!D66 -> 1013 | E66: =E61 -> 3 | F66: =F61+10 -> 10133 | G66: =G51 -> 1 | H66: 0 | I66: 4 | J66: =VLOOKUP($A:$A,[2]关卡难度!$A:$M,13,2)*R66 -> 2627 | K66: =J66 -> 2627 | L66: =K66 -> 2627 | M66: 0 | N66: =M66 -> 0 | O66: =M66 -> 0 | P66: =VLOOKUP($A:$A,[2]关卡难度!$A:$M,11,2)*R66 -> 286335 | Q66: 0 | R66: =R61 -> 1
A67: =[1]Sheet1!A67 -> 101010134 | B67: 1 | C67: =[1]Sheet1!C67 -> 1013 | D67: =[1]Sheet1!D67 -> 1013 | E67: =E62 -> 4 | F67: =F62+10 -> 10134 | G67: =G52 -> 1 | H67: 0 | I67: 4 | J67: =VLOOKUP($A:$A,[2]关卡难度!$A:$M,13,2)*R67 -> 2627 | K67: =J67 -> 2627 | L67: =K67 -> 2627 | M67: 0 | N67: =M67 -> 0 | O67: =M67 -> 0 | P67: =VLOOKUP($A:$A,[2]关卡难度!$A:$M,11,2)*R67 -> 286335 | Q67: 0 | R67: =R62 -> 1
A68: =[1]Sheet1!A68 -> 101010135 | B68: 1 | C68: =[1]Sheet1!C68 -> 1013 | D68: =[1]Sheet1!D68 -> 1013 | E68: =E63 -> 5 | F68: =F63+10 -> 10135 | G68: =G53 -> 1 | H68: 0 | I68: 4 | J68: =VLOOKUP($A:$A,[2]关卡难度!$A:$M,13,2)*R68 -> 7881 | K68: =J68 -> 7881 | L68: =K68 -> 7881 | M68: 0 | N68: =M68 -> 0 | O68: =M68 -> 0 | P68: =VLOOKUP($A:$A,[2]关卡难度!$A:$M,11,2)*R68 -> 859005 | Q68: 0 | R68: =R63 -> 3
A69: =[1]Sheet1!A69 -> 101010141 | B69: 1 | C69: =[1]Sheet1!C69 -> 1014 | D69: =[1]Sheet1!D69 -> 1014 | E69: =E64 -> 1 | F69: =F64+10 -> 10141 | G69: =G54 -> 2 | H69: 0 | I69: 4 | J69: =VLOOKUP($A:$A,[2]关卡难度!$A:$M,13,2)*R69 -> 3189 | K69: =J69 -> 3189 | L69: =K69 -> 3189 | M69: 0 | N69: =M69 -> 0 | O69: =M69 -> 0 | P69: =VLOOKUP($A:$A,[2]关卡难度!$A:$M,11,2)*R69 -> 347784 | Q69: 0 | R69: =R64 -> 1
A70: =[1]Sheet1!A70 -> 101010142 | B70: 1 | C70: =[1]Sheet1!C70 -> 1014 | D70: =[1]Sheet1!D70 -> 1014 | E70: =E65 -> 2 | F70: =F65+10 -> 10142 | G70: =G55 -> 2 | H70: 0 | I70: 4 | J70: =VLOOKUP($A:$A,[2]关卡难度!$A:$M,13,2)*R70 -> 3189 | K70: =J70 -> 3189 | L70: =K70 -> 3189 | M70: 0 | N70: =M70 -> 0 | O70: =M70 -> 0 | P70: =VLOOKUP($A:$A,[2]关卡难度!$A:$M,11,2)*R70 -> 347784 | Q70: 0 | R70: =R65 -> 1
... A103: =[1]Sheet1!A103 -> 101010205 | B103: 1 | C103: =[1]Sheet1!C103 -> 1020 | D103: =[1]Sheet1!D103 -> 1020 | E103: =E98 -> 5 | F103: =F98+10 -> 10205 | G103: =G88 -> 2 | H103: 0 | I103: 4 | J103: =VLOOKUP($A:$A,[2]关卡难度!$A:$M,13,2)*R103 -> 24801 | K103: =J103 -> 24801 | L103: =K103 -> 24801 | M103: 0 | N103: =M103 -> 0 | O103: =M103 -> 0 | P103: =VLOOKUP($A:$A,[2]关卡难度!$A:$M,11,2)*R103 -> 5798160 | Q103: 0 | R103: =R98 -> 3
A104: =[1]Sheet1!A104 -> 102020011 | B104: =B4+1 -> 2 | C104: =[1]Sheet1!C104 -> 2001 | D104: =[1]Sheet1!D104 -> 2001 | E104: =E99 -> 1 | F104: =[3]Sheet1!$B$414 -> 20011 | G104: =G89 -> 3 | H104: 0 | I104: 4 | J104: =VLOOKUP($A:$A,[2]关卡难度!$A:$M,13,2)*R104 -> 9499 | K104: =J104 -> 9499 | L104: =K104 -> 9499 | M104: 0 | N104: =M104 -> 0 | O104: =M104 -> 0 | P104: =VLOOKUP($A:$A,[2]关卡难度!$A:$M,11,2)*R104 -> 7444002 | Q104: 0 | R104: =R99 -> 1
A105: =[1]Sheet1!A105 -> 102020012 | B105: =B5+1 -> 2 | C105: =[1]Sheet1!C105 -> 2001 | D105: =[1]Sheet1!D105 -> 2001 | E105: =E100 -> 2 | F105: =F104+1 -> 20012 | G105: =G90 -> 3 | H105: 0 | I105: 4 | J105: =VLOOKUP($A:$A,[2]关卡难度!$A:$M,13,2)*R105 -> 9499 | K105: =J105 -> 9499 | L105: =K105 -> 9499 | M105: 0 | N105: =M105 -> 0 | O105: =M105 -> 0 | P105: =VLOOKUP($A:$A,[2]关卡难度!$A:$M,11,2)*R105 -> 7444002 | Q105: 0 | R105: =R100 -> 1
A106: =[1]Sheet1!A106 -> 102020013 | B106: =B6+1 -> 2 | C106: =[1]Sheet1!C106 -> 2001 | D106: =[1]Sheet1!D106 -> 2001 | E106: =E101 -> 3 | F106: =F105+1 -> 20013 | G106: =G91 -> 3 | H106: 0 | I106: 4 | J106: =VLOOKUP($A:$A,[2]关卡难度!$A:$M,13,2)*R106 -> 9499 | K106: =J106 -> 9499 | L106: =K106 -> 9499 | M106: 0 | N106: =M106 -> 0 | O106: =M106 -> 0 | P106: =VLOOKUP($A:$A,[2]关卡难度!$A:$M,11,2)*R106 -> 7444002 | Q106: 0 | R106: =R101 -> 1
A107: =[1]Sheet1!A107 -> 102020014 | B107: =B7+1 -> 2 | C107: =[1]Sheet1!C107 -> 2001 | D107: =[1]Sheet1!D107 -> 2001 | E107: =E102 -> 4 | F107: =F106+1 -> 20014 | G107: =G92 -> 3 | H107: 0 | I107: 4 | J107: =VLOOKUP($A:$A,[2]关卡难度!$A:$M,13,2)*R107 -> 9499 | K107: =J107 -> 9499 | L107: =K107 -> 9499 | M107: 0 | N107: =M107 -> 0 | O107: =M107 -> 0 | P107: =VLOOKUP($A:$A,[2]关卡难度!$A:$M,11,2)*R107 -> 7444002 | Q107: 0 | R107: =R102 -> 1
A108: =[1]Sheet1!A108 -> 102020015 | B108: =B8+1 -> 2 | C108: =[1]Sheet1!C108 -> 2001 | D108: =[1]Sheet1!D108 -> 2001 | E108: =E103 -> 5 | F108: =F107+1 -> 20015 | G108: =G93 -> 3 | H108: 1 | I108: 4 | J108: =VLOOKUP($A:$A,[2]关卡难度!$A:$M,13,2)*R108 -> 28497 | K108: =J108 -> 28497 | L108: =K108 -> 28497 | M108: 0 | N108: =M108 -> 0 | O108: =M108 -> 0 | P108: =VLOOKUP($A:$A,[2]关卡难度!$A:$M,11,2)*R108 -> 22332006 | Q108: 0 | R108: =R103 -> 3
A109: =[1]Sheet1!A109 -> 102020021 | B109: =B9+1 -> 2 | C109: =[1]Sheet1!C109 -> 2002 | D109: =[1]Sheet1!D109 -> 2002 | E109: =E104 -> 1 | F109: =F104+10 -> 20021 | G109: =G94 -> 1 | H109: 0 | I109: 4 | J109: =VLOOKUP($A:$A,[2]关卡难度!$A:$M,13,2)*R109 -> 14958 | K109: =J109 -> 14958 | L109: =K109 -> 14958 | M109: 0 | N109: =M109 -> 0 | O109: =M109 -> 0 | P109: =VLOOKUP($A:$A,[2]关卡难度!$A:$M,11,2)*R109 -> 11721426 | Q109: 0 | R109: =R104 -> 1
A110: =[1]Sheet1!A110 -> 102020022 | B110: =B10+1 -> 2 | C110: =[1]Sheet1!C110 -> 2002 | D110: =[1]Sheet1!D110 -> 2002 | E110: =E105 -> 2 | F110: =F105+10 -> 20022 | G110: =G95 -> 1 | H110: 0 | I110: 4 | J110: =VLOOKUP($A:$A,[2]关卡难度!$A:$M,13,2)*R110 -> 14958 | K110: =J110 -> 14958 | L110: =K110 -> 14958 | M110: 0 | N110: =M110 -> 0 | O110: =M110 -> 0 | P110: =VLOOKUP($A:$A,[2]关卡难度!$A:$M,11,2)*R110 -> 11721426 | Q110: 0 | R110: =R105 -> 1
A111: =[1]Sheet1!A111 -> 102020023 | B111: =B11+1 -> 2 | C111: =[1]Sheet1!C111 -> 2002 | D111: =[1]Sheet1!D111 -> 2002 | E111: =E106 -> 3 | F111: =F106+10 -> 20023 | G111: =G96 -> 1 | H111: 0 | I111: 4 | J111: =VLOOKUP($A:$A,[2]关卡难度!$A:$M,13,2)*R111 -> 14958 | K111: =J111 -> 14958 | L111: =K111 -> 14958 | M111: 0 | N111: =M111 -> 0 | O111: =M111 -> 0 | P111: =VLOOKUP($A:$A,[2]关卡难度!$A:$M,11,2)*R111 -> 11721426 | Q111: 0 | R111: =R106 -> 1
A112: =[1]Sheet1!A112 -> 102020024 | B112: =B12+1 -> 2 | C112: =[1]Sheet1!C112 -> 2002 | D112: =[1]Sheet1!D112 -> 2002 | E112: =E107 -> 4 | F112: =F107+10 -> 20024 | G112: =G97 -> 1 | H112: 0 | I112: 4 | J112: =VLOOKUP($A:$A,[2]关卡难度!$A:$M,13,2)*R112 -> 14958 | K112: =J112 -> 14958 | L112: =K112 -> 14958 | M112: 0 | N112: =M112 -> 0 | O112: =M112 -> 0 | P112: =VLOOKUP($A:$A,[2]关卡难度!$A:$M,11,2)*R112 -> 11721426 | Q112: 0 | R112: =R107 -> 1
A113: =[1]Sheet1!A113 -> 102020025 | B113: =B13+1 -> 2 | C113: =[1]Sheet1!C113 -> 2002 | D113: =[1]Sheet1!D113 -> 2002 | E113: =E108 -> 5 | F113: =F108+10 -> 20025 | G113: =G98 -> 1 | H113: 1 | I113: 4 | J113: =VLOOKUP($A:$A,[2]关卡难度!$A:$M,13,2)*R113 -> 44874 | K113: =J113 -> 44874 | L113: =K113 -> 44874 | M113: 0 | N113: =M113 -> 0 | O113: =M113 -> 0 | P113: =VLOOKUP($A:$A,[2]关卡难度!$A:$M,11,2)*R113 -> 35164278 | Q113: 0 | R113: =R108 -> 3
A114: =[1]Sheet1!A114 -> 102020031 | B114: =B14+1 -> 2 | C114: =[1]Sheet1!C114 -> 2003 | D114: =[1]Sheet1!D114 -> 2003 | E114: =E109 -> 1 | F114: =F109+10 -> 20031 | G114: =G99 -> 2 | H114: 0 | I114: 4 | J114: =VLOOKUP($A:$A,[2]关卡难度!$A:$M,13,2)*R114 -> 16541 | K114: =J114 -> 16541 | L114: =K114 -> 16541 | M114: 0 | N114: =M114 -> 0 | O114: =M114 -> 0 | P114: =VLOOKUP($A:$A,[2]关卡难度!$A:$M,11,2)*R114 -> 25042260 | Q114: 0 | R114: =R109 -> 1
A115: =[1]Sheet1!A115 -> 102020032 | B115: =B15+1 -> 2 | C115: =[1]Sheet1!C115 -> 2003 | D115: =[1]Sheet1!D115 -> 2003 | E115: =E110 -> 2 | F115: =F110+10 -> 20032 | G115: =G100 -> 2 | H115: 0 | I115: 4 | J115: =VLOOKUP($A:$A,[2]关卡难度!$A:$M,13,2)*R115 -> 16541 | K115: =J115 -> 16541 | L115: =K115 -> 16541 | M115: 0 | N115: =M115 -> 0 | O115: =M115 -> 0 | P115: =VLOOKUP($A:$A,[2]关卡难度!$A:$M,11,2)*R115 -> 25042260 | Q115: 0 | R115: =R110 -> 1
A116: =[1]Sheet1!A116 -> 102020033 | B116: =B16+1 -> 2 | C116: =[1]Sheet1!C116 -> 2003 | D116: =[1]Sheet1!D116 -> 2003 | E116: =E111 -> 3 | F116: =F111+10 -> 20033 | G116: =G101 -> 2 | H116: 0 | I116: 4 | J116: =VLOOKUP($A:$A,[2]关卡难度!$A:$M,13,2)*R116 -> 16541 | K116: =J116 -> 16541 | L116: =K116 -> 16541 | M116: 0 | N116: =M116 -> 0 | O116: =M116 -> 0 | P116: =VLOOKUP($A:$A,[2]关卡难度!$A:$M,11,2)*R116 -> 25042260 | Q116: 0 | R116: =R111 -> 1
A117: =[1]Sheet1!A117 -> 102020034 | B117: =B17+1 -> 2 | C117: =[1]Sheet1!C117 -> 2003 | D117: =[1]Sheet1!D117 -> 2003 | E117: =E112 -> 4 | F117: =F112+10 -> 20034 | G117: =G102 -> 2 | H117: 0 | I117: 4 | J117: =VLOOKUP($A:$A,[2]关卡难度!$A:$M,13,2)*R117 -> 16541 | K117: =J117 -> 16541 | L117: =K117 -> 16541 | M117: 0 | N117: =M117 -> 0 | O117: =M117 -> 0 | P117: =VLOOKUP($A:$A,[2]关卡难度!$A:$M,11,2)*R117 -> 25042260 | Q117: 0 | R117: =R112 -> 1
A118: =[1]Sheet1!A118 -> 102020035 | B118: =B18+1 -> 2 | C118: =[1]Sheet1!C118 -> 2003 | D118: =[1]Sheet1!D118 -> 2003 | E118: =E113 -> 5 | F118: =F113+10 -> 20035 | G118: =G103 -> 2 | H118: 1 | I118: 4 | J118: =VLOOKUP($A:$A,[2]关卡难度!$A:$M,13,2)*R118 -> 49623 | K118: =J118 -> 49623 | L118: =K118 -> 49623 | M118: 0 | N118: =M118 -> 0 | O118: =M118 -> 0 | P118: =VLOOKUP($A:$A,[2]关卡难度!$A:$M,11,2)*R118 -> 75126780 | Q118: 0 | R118: =R113 -> 3
A119: =[1]Sheet1!A119 -> 102020041 | B119: =B19+1 -> 2 | C119: =[1]Sheet1!C119 -> 2004 | D119: =[1]Sheet1!D119 -> 2004 | E119: =E114 -> 1 | F119: =F114+10 -> 20041 | G119: =G104 -> 3 | H119: 0 | I119: 4 | J119: =VLOOKUP($A:$A,[2]关卡难度!$A:$M,13,2)*R119 -> 18203 | K119: =J119 -> 18203 | L119: =K119 -> 18203 | M119: 0 | N119: =M119 -> 0 | O119: =M119 -> 0 | P119: =VLOOKUP($A:$A,[2]关卡难度!$A:$M,11,2)*R119 -> 27564072 | Q119: 0 | R119: =R114 -> 1
A120: =[1]Sheet1!A120 -> 102020042 | B120: =B20+1 -> 2 | C120: =[1]Sheet1!C120 -> 2004 | D120: =[1]Sheet1!D120 -> 2004 | E120: =E115 -> 2 | F120: =F115+10 -> 20042 | G120: =G105 -> 3 | H120: 0 | I120: 4 | J120: =VLOOKUP($A:$A,[2]关卡难度!$A:$M,13,2)*R120 -> 18203 | K120: =J120 -> 18203 | L120: =K120 -> 18203 | M120: 0 | N120: =M120 -> 0 | O120: =M120 -> 0 | P120: =VLOOKUP($A:$A,[2]关卡难度!$A:$M,11,2)*R120 -> 27564072 | Q120: 0 | R120: =R115 -> 1
... A203: =[1]Sheet1!A203 -> 102020205 | B203: =B103+1 -> 2 | C203: =[1]Sheet1!C203 -> 2020 | D203: =[1]Sheet1!D203 -> 2020 | E203: =E198 -> 5 | F203: =F198+10 -> 20205 | G203: =G188 -> 1 | H203: 2 | I203: 4 | J203: =VLOOKUP($A:$A,[2]关卡难度!$A:$M,13,2)*R203 -> 614580 | K203: =J203 -> 614580 | L203: =K203 -> 614580 | M203: 0 | N203: =M203 -> 0 | O203: =M203 -> 0 | P203: =VLOOKUP($A:$A,[2]关卡难度!$A:$M,11,2)*R203 -> 2067799770 | Q203: 0 | R203: =R198 -> 3
A204: =[1]Sheet1!A204 -> 103030011 | B204: =B104+1 -> 3 | C204: =[1]Sheet1!C204 -> 3001 | D204: =[1]Sheet1!D204 -> 3001 | E204: =E199 -> 1 | F204: =F104+10000 -> 30011 | G204: =G189 -> 2 | H204: 0 | I204: 4 | J204: =VLOOKUP($A:$A,[2]关卡难度!$A:$M,13,2)*R204 -> 390671 | K204: =J204 -> 390671 | L204: =K204 -> 390671 | M204: 0 | N204: =M204 -> 0 | O204: =M204 -> 0 | P204: =VLOOKUP($A:$A,[2]关卡难度!$A:$M,11,2)*R204 -> 2100998184 | Q204: 0 | R204: =R199 -> 1
A205: =[1]Sheet1!A205 -> 103030012 | B205: =B105+1 -> 3 | C205: =[1]Sheet1!C205 -> 3001 | D205: =[1]Sheet1!D205 -> 3001 | E205: =E200 -> 2 | F205: =F105+10000 -> 30012 | G205: =G190 -> 2 | H205: 0 | I205: 4 | J205: =VLOOKUP($A:$A,[2]关卡难度!$A:$M,13,2)*R205 -> 390671 | K205: =J205 -> 390671 | L205: =K205 -> 390671 | M205: 0 | N205: =M205 -> 0 | O205: =M205 -> 0 | P205: =VLOOKUP($A:$A,[2]关卡难度!$A:$M,11,2)*R205 -> 2100998184 | Q205: 0 | R205: =R200 -> 1
A206: =[1]Sheet1!A206 -> 103030013 | B206: =B106+1 -> 3 | C206: =[1]Sheet1!C206 -> 3001 | D206: =[1]Sheet1!D206 -> 3001 | E206: =E201 -> 3 | F206: =F106+10000 -> 30013 | G206: =G191 -> 2 | H206: 0 | I206: 4 | J206: =VLOOKUP($A:$A,[2]关卡难度!$A:$M,13,2)*R206 -> 390671 | K206: =J206 -> 390671 | L206: =K206 -> 390671 | M206: 0 | N206: =M206 -> 0 | O206: =M206 -> 0 | P206: =VLOOKUP($A:$A,[2]关卡难度!$A:$M,11,2)*R206 -> 2100998184 | Q206: 0 | R206: =R201 -> 1
A207: =[1]Sheet1!A207 -> 103030014 | B207: =B107+1 -> 3 | C207: =[1]Sheet1!C207 -> 3001 | D207: =[1]Sheet1!D207 -> 3001 | E207: =E202 -> 4 | F207: =F107+10000 -> 30014 | G207: =G192 -> 2 | H207: 0 | I207: 4 | J207: =VLOOKUP($A:$A,[2]关卡难度!$A:$M,13,2)*R207 -> 390671 | K207: =J207 -> 390671 | L207: =K207 -> 390671 | M207: 0 | N207: =M207 -> 0 | O207: =M207 -> 0 | P207: =VLOOKUP($A:$A,[2]关卡难度!$A:$M,11,2)*R207 -> 2100998184 | Q207: 0 | R207: =R202 -> 1
A208: =[1]Sheet1!A208 -> 103030015 | B208: =B108+1 -> 3 | C208: =[1]Sheet1!C208 -> 3001 | D208: =[1]Sheet1!D208 -> 3001 | E208: =E203 -> 5 | F208: =F108+10000 -> 30015 | G208: =G193 -> 2 | H208: 1 | I208: 4 | J208: =VLOOKUP($A:$A,[2]关卡难度!$A:$M,13,2)*R208 -> 1172013 | K208: =J208 -> 1172013 | L208: =K208 -> 1172013 | M208: 0 | N208: =M208 -> 0 | O208: =M208 -> 0 | P208: =VLOOKUP($A:$A,[2]关卡难度!$A:$M,11,2)*R208 -> 6302994552 | Q208: 0 | R208: =R203 -> 3
A209: =[1]Sheet1!A209 -> 103030021 | B209: =B109+1 -> 3 | C209: =[1]Sheet1!C209 -> 3002 | D209: =[1]Sheet1!D209 -> 3002 | E209: =E204 -> 1 | F209: =F109+10000 -> 30021 | G209: =G194 -> 3 | H209: 0 | I209: 4 | J209: =VLOOKUP($A:$A,[2]关卡难度!$A:$M,13,2)*R209 -> 411923 | K209: =J209 -> 411923 | L209: =K209 -> 411923 | M209: 0 | N209: =M209 -> 0 | O209: =M209 -> 0 | P209: =VLOOKUP($A:$A,[2]关卡难度!$A:$M,11,2)*R209 -> 2215445880 | Q209: 0 | R209: =R204 -> 1
A210: =[1]Sheet1!A210 -> 103030022 | B210: =B110+1 -> 3 | C210: =[1]Sheet1!C210 -> 3002 | D210: =[1]Sheet1!D210 -> 3002 | E210: =E205 -> 2 | F210: =F110+10000 -> 30022 | G210: =G195 -> 3 | H210: 0 | I210: 4 | J210: =VLOOKUP($A:$A,[2]关卡难度!$A:$M,13,2)*R210 -> 411923 | K210: =J210 -> 411923 | L210: =K210 -> 411923 | M210: 0 | N210: =M210 -> 0 | O210: =M210 -> 0 | P210: =VLOOKUP($A:$A,[2]关卡难度!$A:$M,11,2)*R210 -> 2215445880 | Q210: 0 | R210: =R205 -> 1
A211: =[1]Sheet1!A211 -> 103030023 | B211: =B111+1 -> 3 | C211: =[1]Sheet1!C211 -> 3002 | D211: =[1]Sheet1!D211 -> 3002 | E211: =E206 -> 3 | F211: =F111+10000 -> 30023 | G211: =G196 -> 3 | H211: 0 | I211: 4 | J211: =VLOOKUP($A:$A,[2]关卡难度!$A:$M,13,2)*R211 -> 411923 | K211: =J211 -> 411923 | L211: =K211 -> 411923 | M211: 0 | N211: =M211 -> 0 | O211: =M211 -> 0 | P211: =VLOOKUP($A:$A,[2]关卡难度!$A:$M,11,2)*R211 -> 2215445880 | Q211: 0 | R211: =R206 -> 1
A212: =[1]Sheet1!A212 -> 103030024 | B212: =B112+1 -> 3 | C212: =[1]Sheet1!C212 -> 3002 | D212: =[1]Sheet1!D212 -> 3002 | E212: =E207 -> 4 | F212: =F112+10000 -> 30024 | G212: =G197 -> 3 | H212: 0 | I212: 4 | J212: =VLOOKUP($A:$A,[2]关卡难度!$A:$M,13,2)*R212 -> 411923 | K212: =J212 -> 411923 | L212: =K212 -> 411923 | M212: 0 | N212: =M212 -> 0 | O212: =M212 -> 0 | P212: =VLOOKUP($A:$A,[2]关卡难度!$A:$M,11,2)*R212 -> 2215445880 | Q212: 0 | R212: =R207 -> 1
A213: =[1]Sheet1!A213 -> 103030025 | B213: =B113+1 -> 3 | C213: =[1]Sheet1!C213 -> 3002 | D213: =[1]Sheet1!D213 -> 3002 | E213: =E208 -> 5 | F213: =F113+10000 -> 30025 | G213: =G198 -> 3 | H213: 1 | I213: 4 | J213: =VLOOKUP($A:$A,[2]关卡难度!$A:$M,13,2)*R213 -> 1235769 | K213: =J213 -> 1235769 | L213: =K213 -> 1235769 | M213: 0 | N213: =M213 -> 0 | O213: =M213 -> 0 | P213: =VLOOKUP($A:$A,[2]关卡难度!$A:$M,11,2)*R213 -> 6646337640 | Q213: 0 | R213: =R208 -> 3
A214: =[1]Sheet1!A214 -> 103030031 | B214: =B114+1 -> 3 | C214: =[1]Sheet1!C214 -> 3003 | D214: =[1]Sheet1!D214 -> 3003 | E214: =E209 -> 1 | F214: =F114+10000 -> 30031 | G214: =G199 -> 1 | H214: 0 | I214: 4 | J214: =VLOOKUP($A:$A,[2]关卡难度!$A:$M,13,2)*R214 -> 434014 | K214: =J214 -> 434014 | L214: =K214 -> 434014 | M214: 0 | N214: =M214 -> 0 | O214: =M214 -> 0 | P214: =VLOOKUP($A:$A,[2]关卡难度!$A:$M,11,2)*R214 -> 2404923390 | Q214: 0 | R214: =R209 -> 1
A215: =[1]Sheet1!A215 -> 103030032 | B215: =B115+1 -> 3 | C215: =[1]Sheet1!C215 -> 3003 | D215: =[1]Sheet1!D215 -> 3003 | E215: =E210 -> 2 | F215: =F115+10000 -> 30032 | G215: =G200 -> 1 | H215: 0 | I215: 4 | J215: =VLOOKUP($A:$A,[2]关卡难度!$A:$M,13,2)*R215 -> 434014 | K215: =J215 -> 434014 | L215: =K215 -> 434014 | M215: 0 | N215: =M215 -> 0 | O215: =M215 -> 0 | P215: =VLOOKUP($A:$A,[2]关卡难度!$A:$M,11,2)*R215 -> 2404923390 | Q215: 0 | R215: =R210 -> 1
... A227: =[1]Sheet1!A227 -> 103030054 | B227: =B127+1 -> 3 | C227: =[1]Sheet1!C227 -> 3005 | D227: =[1]Sheet1!D227 -> 3005 | E227: =E222 -> 4 | F227: =F127+10000 -> 30054 | G227: =G212 -> 3 | H227: 0 | I227: 4 | J227: =VLOOKUP($A:$A,[2]关卡难度!$A:$M,13,2)*R227 -> 480766 | K227: =J227 -> 480766 | L227: =K227 -> 480766 | M227: 0 | N227: =M227 -> 0 | O227: =M227 -> 0 | P227: =VLOOKUP($A:$A,[2]关卡难度!$A:$M,11,2)*R227 -> 2669313123 | Q227: 0 | R227: =R222 -> 1
A228: =[1]Sheet1!A228 -> 103030055 | B228: =B128+1 -> 3 | C228: =[1]Sheet1!C228 -> 3005 | D228: =[1]Sheet1!D228 -> 3005 | E228: =E223 -> 5 | F228: =F128+10000 -> 30055 | G228: =G213 -> 3 | H228: 2 | I228: 4 | J228: =VLOOKUP($A:$A,[2]关卡难度!$A:$M,13,2)*R228 -> 2403830 | K228: =J228 -> 2403830 | L228: =K228 -> 2403830 | M228: 0 | N228: =M228 -> 0 | O228: =M228 -> 0 | P228: =VLOOKUP($A:$A,[2]关卡难度!$A:$M,11,2)*R228 -> 13346565615 | Q228: 0 | R228: 5
A229: =[1]Sheet1!A229 -> 103030061 | B229: =B129+1 -> 3 | C229: =[1]Sheet1!C229 -> 3006 | D229: =[1]Sheet1!D229 -> 3006 | E229: =E224 -> 1 | F229: =F129+10000 -> 30061 | G229: =G214 -> 1 | H229: 0 | I229: 4 | J229: =VLOOKUP($A:$A,[2]关卡难度!$A:$M,13,2)*R229 -> 515992 | K229: =J229 -> 515992 | L229: =K229 -> 515992 | M229: 0 | N229: =M229 -> 0 | O229: =M229 -> 0 | P229: =VLOOKUP($A:$A,[2]关卡难度!$A:$M,11,2)*R229 -> 4044414084 | Q229: 0 | R229: =R224 -> 1
A230: =[1]Sheet1!A230 -> 103030062 | B230: =B130+1 -> 3 | C230: =[1]Sheet1!C230 -> 3006 | D230: =[1]Sheet1!D230 -> 3006 | E230: =E225 -> 2 | F230: =F130+10000 -> 30062 | G230: =G215 -> 1 | H230: 0 | I230: 4 | J230: =VLOOKUP($A:$A,[2]关卡难度!$A:$M,13,2)*R230 -> 515992 | K230: =J230 -> 515992 | L230: =K230 -> 515992 | M230: 0 | N230: =M230 -> 0 | O230: =M230 -> 0 | P230: =VLOOKUP($A:$A,[2]关卡难度!$A:$M,11,2)*R230 -> 4044414084 | Q230: 0 | R230: =R225 -> 1
A231: =[1]Sheet1!A231 -> 103030063 | B231: =B131+1 -> 3 | C231: =[1]Sheet1!C231 -> 3006 | D231: =[1]Sheet1!D231 -> 3006 | E231: =E226 -> 3 | F231: =F131+10000 -> 30063 | G231: =G216 -> 1 | H231: 0 | I231: 4 | J231: =VLOOKUP($A:$A,[2]关卡难度!$A:$M,13,2)*R231 -> 515992 | K231: =J231 -> 515992 | L231: =K231 -> 515992 | M231: 0 | N231: =M231 -> 0 | O231: =M231 -> 0 | P231: =VLOOKUP($A:$A,[2]关卡难度!$A:$M,11,2)*R231 -> 4044414084 | Q231: 0 | R231: =R226 -> 1
A232: =[1]Sheet1!A232 -> 103030064 | B232: =B132+1 -> 3 | C232: =[1]Sheet1!C232 -> 3006 | D232: =[1]Sheet1!D232 -> 3006 | E232: =E227 -> 4 | F232: =F132+10000 -> 30064 | G232: =G217 -> 1 | H232: 0 | I232: 4 | J232: =VLOOKUP($A:$A,[2]关卡难度!$A:$M,13,2)*R232 -> 515992 | K232: =J232 -> 515992 | L232: =K232 -> 515992 | M232: 0 | N232: =M232 -> 0 | O232: =M232 -> 0 | P232: =VLOOKUP($A:$A,[2]关卡难度!$A:$M,11,2)*R232 -> 4044414084 | Q232: 0 | R232: =R227 -> 1
A233: =[1]Sheet1!A233 -> 103030065 | B233: =B133+1 -> 3 | C233: =[1]Sheet1!C233 -> 3006 | D233: =[1]Sheet1!D233 -> 3006 | E233: =E228 -> 5 | F233: =F133+10000 -> 30065 | G233: =G218 -> 1 | H233: 1 | I233: 4 | J233: =VLOOKUP($A:$A,[2]关卡难度!$A:$M,13,2)*R233 -> 2579960 | K233: =J233 -> 2579960 | L233: =K233 -> 2579960 | M233: 0 | N233: =M233 -> 0 | O233: =M233 -> 0 | P233: =VLOOKUP($A:$A,[2]关卡难度!$A:$M,11,2)*R233 -> 20222070420 | Q233: 0 | R233: =R228 -> 5
A234: =[1]Sheet1!A234 -> 103030071 | B234: =B134+1 -> 3 | C234: =[1]Sheet1!C234 -> 3007 | D234: =[1]Sheet1!D234 -> 3007 | E234: =E229 -> 1 | F234: =F134+10000 -> 30071 | G234: =G219 -> 2 | H234: 0 | I234: 4 | J234: =VLOOKUP($A:$A,[2]关卡难度!$A:$M,13,2)*R234 -> 541740 | K234: =J234 -> 541740 | L234: =K234 -> 541740 | M234: 0 | N234: =M234 -> 0 | O234: =M234 -> 0 | P234: =VLOOKUP($A:$A,[2]关卡难度!$A:$M,11,2)*R234 -> 4246478592 | Q234: 0 | R234: =R229 -> 1
A235: =[1]Sheet1!A235 -> 103030072 | B235: =B135+1 -> 3 | C235: =[1]Sheet1!C235 -> 3007 | D235: =[1]Sheet1!D235 -> 3007 | E235: =E230 -> 2 | F235: =F135+10000 -> 30072 | G235: =G220 -> 2 | H235: 0 | I235: 4 | J235: =VLOOKUP($A:$A,[2]关卡难度!$A:$M,13,2)*R235 -> 541740 | K235: =J235 -> 541740 | L235: =K235 -> 541740 | M235: 0 | N235: =M235 -> 0 | O235: =M235 -> 0 | P235: =VLOOKUP($A:$A,[2]关卡难度!$A:$M,11,2)*R235 -> 4246478592 | Q235: 0 | R235: =R230 -> 1
A236: =[1]Sheet1!A236 -> 103030073 | B236: =B136+1 -> 3 | C236: =[1]Sheet1!C236 -> 3007 | D236: =[1]Sheet1!D236 -> 3007 | E236: =E231 -> 3 | F236: =F136+10000 -> 30073 | G236: =G221 -> 2 | H236: 0 | I236: 4 | J236: =VLOOKUP($A:$A,[2]关卡难度!$A:$M,13,2)*R236 -> 541740 | K236: =J236 -> 541740 | L236: =K236 -> 541740 | M236: 0 | N236: =M236 -> 0 | O236: =M236 -> 0 | P236: =VLOOKUP($A:$A,[2]关卡难度!$A:$M,11,2)*R236 -> 4246478592 | Q236: 0 | R236: =R231 -> 1
A237: =[1]Sheet1!A237 -> 103030074 | B237: =B137+1 -> 3 | C237: =[1]Sheet1!C237 -> 3007 | D237: =[1]Sheet1!D237 -> 3007 | E237: =E232 -> 4 | F237: =F137+10000 -> 30074 | G237: =G222 -> 2 | H237: 0 | I237: 4 | J237: =VLOOKUP($A:$A,[2]关卡难度!$A:$M,13,2)*R237 -> 541740 | K237: =J237 -> 541740 | L237: =K237 -> 541740 | M237: 0 | N237: =M237 -> 0 | O237: =M237 -> 0 | P237: =VLOOKUP($A:$A,[2]关卡难度!$A:$M,11,2)*R237 -> 4246478592 | Q237: 0 | R237: =R232 -> 1
...

Sheet Sheet2

Sheet Sheet3
